sample name, footage, sample type, Severson unit, Severson description, rock type, sulfide (%), our description, group, lithologies, geologic classes, geologic types, method codes, age, age sigma, age low, age high, age unit, age citation, mass a (g), mass b (g), mass c (g), mass d (g), chip c note, chip d note, thick section
D6A-2123, 2123, full core core, GRB, MED. GRN GRANITE, quartz monzonite, 0, equigranular 1 mm granite, Felsic, Quartz Monzonite, Igneous:Intrusive, Pluton, FS-C-DRILL:SO-V, , , 2674, 2685, Ma, 10.1139/e93-217, 27.92499, 0.15849, , , , , yes
D6A-2105, 2105, half core core, GRB, MED. GRN GRANITE, quartz monzonite, 0, equigranular 1 mm granite, Felsic, Quartz Monzonite, Igneous:Intrusive, Pluton, FS-C-DRILL:SO-V, , , 2674, 2685, Ma, 10.1139/e93-217, , 0.15306, 0.13737, , , , 
D6A-2095, 2095, full core core, GRB, CS GRN PORPYRITIC, quartz monzonite, 0, porphyritic granite with 3 mm ground mass with plag phenos up to 1 cm, Felsic, Quartz Monzonite, Igneous:Intrusive, Pluton, FS-C-DRILL:SO-V, , , 2674, 2685, Ma, 10.1139/e93-217, 28.722099, 0.12241, 0.07377, , , , yes
D6A-2076, 2076, full core core, GRB, CS GRN PORPYRITIC, quartz monzonite, 0, porphyritic granite with plag phenos up to 3 cm that are aligned in tilted foliation, Felsic, Quartz Monzonite, Igneous:Intrusive, Pluton, FS-C-DRILL:SO-V, , , 2674, 2685, Ma, 10.1139/e93-217, 28.505779, 0.1277, 0.16195, 0.01548, , albite chip, yes
D6A-2046, 2046, half core core, GRB, MED. GRN GRANITE, quartz monzonite, 0, 0.5 cm grain size with subhorizontal igneous foliation, Felsic, Quartz Monzonite, Igneous:Intrusive, Pluton, FS-C-DRILL:SO-V, , , 2674, 2685, Ma, 10.1139/e93-217, , 0.18817, , , , , 
D6A-2031, 2031, quarter core, GRB, Homog. (Noritic) CP-BN+Po-rich zone (10%), quartz monzonite, 3, quartz monzonite 0.7 to 1 mm grain quartz monozonite footwall with abundant sulfides (bright brassy chalcopyrite?). We consider this to be GRB rather than assimilated GRB., Felsic, Quartz Monzonite, Igneous:Intrusive, Pluton, FS-C-DRILL:SO-V, , , 2674, 2685, Ma, 10.1139/e93-217, 18.29874, 0.11957, 0.12852, , , , 
D6A-2022, 2022, quarter core, BAN (l), Troctolite (crossed-out) Homog. (Noritic), troctolite, 1, 0.3 to 0.5 cm troctolite (preferring Severson's initial call of troctolite over norite), BAN, Troctolite, Igneous:Intrusive, Layered Intrusion, FS-C-DRILL:SO-V, 1096.19, 0.095, , , Ma, 10.1130/G47873.1, 21.997169, 0.17122, , , , , yes
D6A-2009, 2009, quarter core, BAN (l), TROCT (MOD HET), augite troctolite, 3, 0.3 cm augite troctolite sulfides up to 0.5 cm, BAN, Troctolite, Igneous:Intrusive, Layered Intrusion, FS-C-DRILL:SO-V, 1096.19, 0.095, , , Ma, 10.1130/G47873.1, 23.084709, 0.1435, , , , , 
D6A-2001, 2001, quarter core, BAN (l), AGT-HOMOG., augite troctolite, 1, 0.3 to 0.5 cm with sulfides up to 0.4 cm, BAN, Troctolite, Igneous:Intrusive, Layered Intrusion, FS-C-DRILL:SO-V, 1096.19, 0.095, , , Ma, 10.1130/G47873.1, 24.15041, 0.25505, , , , , 
D6A-1989, 1989, quarter core, BAN (l), AGT-HOMOG., augite troctolite, 7, 0.3 to 0.5 cm with sulfides, BAN, Troctolite, Igneous:Intrusive, Layered Intrusion, FS-C-DRILL:SO-V, 1096.19, 0.095, , , Ma, 10.1130/G47873.1, 19.09581, 0.16491, , , , , 
D6A-1926, 1926, quarter core, BAN (l), T-HOMOG, augite troctolite, 3, 0.3 to 0.5 cm with sulfide up to 1 cm sulfides include the peacock colored bornite, BAN, Troctolite, Igneous:Intrusive, Layered Intrusion, FS-C-DRILL:SO-V, 1096.19, 0.095, , , Ma, 10.1130/G47873.1, 22.148451, 0.14067, 0.16389, , , , 
D6A-1913, 1913, quarter core, BAN (l), T-HOMOG, troctolite, 5, 0.3 to 0.5 cm with sulfides up to 0.5, BAN, Troctolite, Igneous:Intrusive, Layered Intrusion, FS-C-DRILL:SO-V, 1096.19, 0.095, , , Ma, 10.1130/G47873.1, 25.9779, 0.16448, , , , , yes
D6A-1899, 1899, quarter core, U3, ORT, olivine-rich troctolite, 0, 0.2 cm with plag laths up to 2 cm with igneous foliation, Ultramafic, Troctolite, Igneous:Intrusive, Layered Intrusion, FS-C-DRILL:SO-V, 1096.19, 0.095, , , Ma, 10.1130/G47873.1, 22.247, 0.21501, 0.23354, , , , 
D6A-1888, 1888, quarter core, U3, AGT, augite troctolite, 0, 0.3 to 0.5 cm grain size; on the box Mark has this grouped as U3 but seems more natural fit in the BAN (which is what he has labeled on box), Ultramafic, Troctolite, Igneous:Intrusive, Layered Intrusion, FS-C-DRILL:SO-V, 1096.19, 0.095, , , Ma, 10.1130/G47873.1, 26.475611, 0.14388, , , , , 
D6A-1880, 1880, quarter core, U3, AGT, augite troctolite, 0, 0.3 to 0.5 cm grain size; on the box Mark has this grouped as U3 but seems more natural fit in the BAN (which is what he has labeled on box), Ultramafic, Troctolite, Igneous:Intrusive, Layered Intrusion, FS-C-DRILL:SO-V, 1096.19, 0.095, , , Ma, 10.1130/G47873.1, 20.12063, 0.15503, , , , , 
D6A-1868, 1868, quarter core, U3, PER, peridotite, 0, fine-grained and more green than other peridotites in this interval, Ultramafic, Peridotite, Igneous:Intrusive, Layered Intrusion, FS-C-DRILL:SO-V, 1096.19, 0.095, , , Ma, 10.1130/G47873.1, 25.096331, 0.19287, 0.1271, , , , 
D6A-1861, 1861, quarter core, U3, FELD PER, feldspathic peridotite, 0, 0.5 to 1 mm dark grey with vein of green serpentinization, Ultramafic, Peridotite, Igneous:Intrusive, Layered Intrusion, FS-C-DRILL:SO-V, 1096.19, 0.095, , , Ma, 10.1130/G47873.1, 28.7052, 0.16086, , , , , 
D6A-1857, 1857, quarter core, U3, FELD PER, feldspathic peridotite, 2, 0.5 to 1 mm turqoise blue blebs of secondary Cu alteration possibly atacamite-group associated with Cl-rich alteration; likely after Cu sulfides, Ultramafic, Peridotite, Igneous:Intrusive, Layered Intrusion, FS-C-DRILL:SO-V, 1096.19, 0.095, , , Ma, 10.1130/G47873.1, 23.526621, 0.20167, , , , , 
D6A-1849, 1849, quarter core, U3, PERIDOTITE ABUND. CL DROPS!!!, peridotite, 0, 0.25 mm grain size with rust-colored wet alteration spots/droplets on cut core surface; interpreted as Fe-hydroxychloride alteration possibly hibbingite-related associated with Cl-rich fluids; chalky white alteration blebs, Ultramafic, Peridotite, Igneous:Intrusive, Layered Intrusion, FS-C-DRILL:SO-V, 1096.19, 0.095, , , Ma, 10.1130/G47873.1, 29.939251, 0.17419, 0.13747, , , , 
D6A-1845, 1845, quarter core, U3, PERIDOTITE ABUND. CL DROPS!!!, peridotite, 0, 0.25 mm grain size with rust-colored wet alteration spots/droplets on cut core surface; interpreted as Fe-hydroxychloride alteration possibly hibbingite-related associated with Cl-rich fluids; chalky white alteration blebs, Ultramafic, Peridotite, Igneous:Intrusive, Layered Intrusion, FS-C-DRILL:SO-V, 1096.19, 0.095, , , Ma, 10.1130/G47873.1, 24.92988, 0.19534, 0.11408, , , , 
D6A-1833, 1833, quarter core, U3, PERIDOTITE ABUND. CL DROPS!!!, peridotite, 2, 0.25 mm grain size with rust-colored wet alteration spots/droplets on cut core surface; interpreted as Fe-hydroxychloride alteration possibly hibbingite-related associated with Cl-rich fluids; chalky white alteration blebs, Ultramafic, Peridotite, Igneous:Intrusive, Layered Intrusion, FS-C-DRILL:SO-V, 1096.19, 0.095, , , Ma, 10.1130/G47873.1, 26.77598, 0.18623, 0.12858, , , , yes
D6A-1822, 1822, quarter core, U3, PERIDOTITE, peridotite, 1, 0.5 mm grain size with no more rust-colored alteration, Ultramafic, Peridotite, Igneous:Intrusive, Layered Intrusion, FS-C-DRILL:SO-V, 1096.19, 0.095, , , Ma, 10.1130/G47873.1, 23.405109, 0.16236, , , , , yes
D6A-1806, 1806, quarter core, BAN (u), AT HOMG., anorthositic troctolite, 0, 0.2 to 0.5 cm grain size, BAN, Troctolite, Igneous:Intrusive, Layered Intrusion, FS-C-DRILL:SO-V, 1096.19, 0.095, , , Ma, 10.1130/G47873.1, 24.01466, 0.1963, 0.09956, , , , 
D6A-1789, 1789, quarter core, BAN (u), AGT (CP(BN)=Po), augite troctolite, 0, 0.3 to 0.5 cm grain size, BAN, Troctolite, Igneous:Intrusive, Layered Intrusion, FS-C-DRILL:SO-V, 1096.19, 0.095, , , Ma, 10.1130/G47873.1, 27.95797, 0.13872, 0.17935, , , , yes
D6A-1779, 1779, quarter core, BAN (u), AGT (CP(BN)=Po), augute troctolite, 3, 0.3 to 0.5 cm grain sie with sulfides up to 0.4 cm in size, BAN, Troctolite, Igneous:Intrusive, Layered Intrusion, FS-C-DRILL:SO-V, 1096.19, 0.095, , , Ma, 10.1130/G47873.1, 26.2983, 0.11128, , , , , 
D6A-1762, 1762, quarter core, BAN (u), AGT (CP(BN)>Po), augite troctolite, 3, 0.3 to 0.7 cm grain size with sulfides up to 0.4 cm in sie and a 1.5 cm mafic xenolith, BAN, Troctolite, Igneous:Intrusive, Layered Intrusion, FS-C-DRILL:SO-V, 1096.19, 0.095, , , Ma, 10.1130/G47873.1, 25.09214, 0.14967, , , , , yes
D6A-1727, 1727, quarter core, BAN (u), AGT-(OG?) HET, augite troctolite, 5, 0.3 to 0.5 cm grain size with a large patch of sulfides (4 to 5 cm), BAN, Troctolite, Igneous:Intrusive, Layered Intrusion, FS-C-DRILL:SO-V, 1096.19, 0.095, , , Ma, 10.1130/G47873.1, 21.116751, 0.12225, 0.27775, 0.0977, , pure sulfide crystal, 
D6A-1699, 1699, quarter core, BH (l), AT/T-HOMOG, anorthositic troctolite, 1, 0.3 to 0.7 cm grain size with very little sulfides, BH, Troctolite, Igneous:Intrusive, Layered Intrusion, FS-C-DRILL:SO-V, 1096.19, 0.095, , , Ma, 10.1130/G47873.1, 25.29357, 0.17323, 0.16196, 0.09129, , oxide-rich plagioclase, 
D6A-1605, 1605, quarter core, U2, AT-HOMOG, anorthositic troctolite, 0.5, 0.2 to 0.5 cm grain size, Ultramafic, Troctolite, Igneous:Intrusive, Layered Intrusion, FS-C-DRILL:SO-V, 1096.19, 0.095, , , Ma, 10.1130/G47873.1, 20.919331, 0.17344, 0.09494, 0.02385, , plagioclase chip, 
D6A-1592, 1592, quarter core, BH (u), PIC-F.P., anorthositic troctolite, 0, 0.5 to 1 cm grain size and appears more like the aT unit than picrite, BH, Troctolite, Igneous:Intrusive, Layered Intrusion, FS-C-DRILL:SO-V, 1096.19, 0.095, , , Ma, 10.1130/G47873.1, 24.851379, 0.11732, 0.20626, 0.00453, , olivine chip, 
D6A-1581, 1581, quarter core, BH (u), AT, anorthositic troctolite, 0, 1 to 1.4 mm grain size, BH, Troctolite, Igneous:Intrusive, Layered Intrusion, FS-C-DRILL:SO-V, 1096.19, 0.095, , , Ma, 10.1130/G47873.1, 21.0504, 0.18511, , , , , yes
D6A-1566, 1566, quarter core, BH (u), Pic-F.P. lens, picrite, 0, 0.5 to 0.7 mm grain size, BH, Picrite, Igneous:Intrusive, Layered Intrusion, FS-C-DRILL:SO-V, 1096.19, 0.095, , , Ma, 10.1130/G47873.1, 28.560249, 0.18381, 0.17799, , , , yes
D6A-1561, 1561, quarter core, BH (u), AT, anorthositic troctolite, 1, 0.2 to 0.5 cm grain size, BH, Troctolite, Igneous:Intrusive, Layered Intrusion, FS-C-DRILL:SO-V, 1096.19, 0.095, , , Ma, 10.1130/G47873.1, 26.34071, 0.14911, , , , , 
D6A-1551, 1551, quarter core, BH (u), SERP F.P., picrite, 1, 0.7 to 1 mm grain size, BH, Picrite, Igneous:Intrusive, Layered Intrusion, FS-C-DRILL:SO-V, 1096.19, 0.095, , , Ma, 10.1130/G47873.1, 32.519741, 0.14847, 0.14149, , , , yes
D6A-1528, 1528, quarter core, BH (u), AT-HOMOG, anorthositic troctolite, 0, 0.3 to 0.5 cm grain size, BH, Troctolite, Igneous:Intrusive, Layered Intrusion, FS-C-DRILL:SO-V, 1096.19, 0.095, , , Ma, 10.1130/G47873.1, 27.483801, 0.13338, 0.14369, , , , 
D6A-1509, 1509, quarter core, BH (u), HET (PIC/ORT bnds) this in in ORT, anorthositic troctolite, 1, 0.5 to 1 cm grain size, BH, Troctolite, Igneous:Intrusive, Layered Intrusion, FS-C-DRILL:SO-V, 1096.19, 0.095, , , Ma, 10.1130/G47873.1, 24.855949, 0.13248, 0.154, 0.04324, , plagioclase chip, 
D6A-1504, 1504, quarter core, BH (u), PIC-(F.P.), picrite, 1, 0.2 cm grain size, BH, Picrite, Igneous:Intrusive, Layered Intrusion, FS-C-DRILL:SO-V, 1096.19, 0.095, , , Ma, 10.1130/G47873.1, 28.05776, 0.17219, 0.1192, , , , 
D6A-1500, 1500, quarter core, BH (u), PIC-(F.P.), picrite, 2, 0.2 cm grain size, BH, Picrite, Igneous:Intrusive, Layered Intrusion, FS-C-DRILL:SO-V, 1096.19, 0.095, , , Ma, 10.1130/G47873.1, 27.825729, 0.17042, , , , , 
D6A-1465, 1465.5, quarter core, BH (u), AT, anorthositic troctolite, 2, 0.5 cm grain size with almost ophitic texture and some larger sulfides, BH, Troctolite, Igneous:Intrusive, Layered Intrusion, FS-C-DRILL:SO-V, 1096.19, 0.095, , , Ma, 10.1130/G47873.1, 26.444929, 0.16324, , , , , 
D6A-1464, 1464, quarter core, BH (u), AT, anorthositic troctolite, 0, 1 to 2 mm grain size, BH, Troctolite, Igneous:Intrusive, Layered Intrusion, FS-C-DRILL:SO-V, 1096.19, 0.095, , , Ma, 10.1130/G47873.1, 29.96596, 0.15632, 0.14367, , , , 
D6A-1463, 1462.75, quarter core, U1, PIC (at BH (u) contact; abund. Cl drops), picrite, 0, 1 mm grain size with abundant CL drops, Ultramafic, Picrite, Igneous:Intrusive, Layered Intrusion, FS-C-DRILL:SO-V, 1096.19, 0.095, , , Ma, 10.1130/G47873.1, 34.453739, 0.21066, , , , , 
D6A-1461, 1461, quarter core, U1, PIC (abund. Cl drops), picrite, 0, 1 mm grain size with white talc splotches and trace sulfides, Ultramafic, Picrite, Igneous:Intrusive, Layered Intrusion, FS-C-DRILL:SO-V, 1096.19, 0.095, , , Ma, 10.1130/G47873.1, 27.37863, 0.19026, , , , , 
D6A-1446, 1446, quarter core, U1, PIC (top 3 in grades to peridotite/dunite; abund. Cl drops), peridotite, 0, 0.3 cm grain size with 1 mm olivines, Ultramafic, Peridotite, Igneous:Intrusive, Layered Intrusion, FS-C-DRILL:SO-V, 1096.19, 0.095, , , Ma, 10.1130/G47873.1, 33.909248, 0.16029, , , , , 
D6A-1342, 1342, quarter core, U1, PIC w/ T bnd (HET mix of PIC/ORT/T), picrite and troctolite mix, 1, 1.4 to 2 mm grain size with very small (1 mm) sulfides, Ultramafic, Picrite:Troctolite, Igneous:Intrusive, Layered Intrusion, FS-C-DRILL:SO-V, 1096.19, 0.095, , , Ma, 10.1130/G47873.1, 32.762852, 0.17661, 0.15586, , , , yes
D6A-1338, 1338, quarter core, U1, PIC w/ T bnd (HET mix of PIC/ORT/T), troctolite with some picrite, 1, 0.3 to 0.5 cm grain size with small CL drops (0.2 cm), Ultramafic, Troctolite:Picrite, Igneous:Intrusive, Layered Intrusion, FS-C-DRILL:SO-V, 1096.19, 0.095, , , Ma, 10.1130/G47873.1, 25.20867, 0.18559, 0.11135, , , , 
D6A-1322, 1322, quarter core, U1, PIC w/ T bnd + x-cutting ORT/PIC patches, troctolite with some picrite, 1, 0.2 to 0.4 cm grain size with generally small sulfides but 1 up to 0.5 cm, Ultramafic, Troctolite:Picrite, Igneous:Intrusive, Layered Intrusion, FS-C-DRILL:SO-V, 1096.19, 0.095, , , Ma, 10.1130/G47873.1, 27.52738, 0.2198, 0.15308, , , , 
D6A-1301, 1301, full core core, U1, TROCT w/ ORT/PIC bnds/irregular patches, troctolite, 3, 1 to 1.4 mm grain size with sepentinization throughout but mainly centered in small veins at the top of the core section, Ultramafic, Troctolite, Igneous:Intrusive, Layered Intrusion, FS-C-DRILL:SO-V, 1096.19, 0.095, , , Ma, 10.1130/G47873.1, 35.93396, 0.21233, , , , , yes
D6A-1286, 1286, fill core core, MAIN AGT, TROCT w ORT/PIC bnds/irregular patches, troctolite, 1, 0.3 to 0.5 cm grain size on average with nice olivines and augite, AGT, Troctolite, Igneous:Intrusive, Layered Intrusion, FS-C-DRILL:SO-V, 1096.19, 0.095, , , Ma, 10.1130/G47873.1, 30.991159, 0.14686, , , , , 
D6A-1264, 1264, quarter core, MAIN AGT, AGT HOMOG/HORNBLENDITE (OUIS) w granophyric sections, hornblendite, 1, 0.3 to 1 cm grain size with ~65% hornblende (some up to 1 cm in size) and max. 1% oxides, AGT, Hornblendite, Igneous:Intrusive, Layered Intrusion, FS-C-DRILL:SO-V, 1096.19, 0.095, , , Ma, 10.1130/G47873.1, 19.160311, 0.10561, 0.12934, 0.03922, , hornblende chip, 
D6A-1249, 1249, quarter core, MAIN AGT, AGT HOMOG/HORNBLENDITE (OUIS) w granophyric sections, hornblendite, 1, 0.3 to 0.7 cm grain size that fines upward in the core section, AGT, Hornblendite, Igneous:Intrusive, Layered Intrusion, FS-C-DRILL:SO-V, 1096.19, 0.095, , , Ma, 10.1130/G47873.1, 25.42589, 0.13304, 0.05898, , , , yes
D6A-1236, 1236, full core core, MAIN AGT, AGT HOMOG, augite troctolite, 0, 0.5 to 0.7 cm grain size with large area of serpentinization from a planar vein and a 1 cm talc crystal, AGT, Troctolite, Igneous:Intrusive, Layered Intrusion, FS-C-DRILL:SO-V, 1096.19, 0.095, , , Ma, 10.1130/G47873.1, 27.784491, 0.11796, 0.13343, 0.02086, , serpentine chip, 
D6A-1215, 1215, full core core, MAIN AGT, AGT HOMOG, augite troctolite, 0, 0.3 to 0.5 cm grain size with little to no serpetinization, AGT, Troctolite, Igneous:Intrusive, Layered Intrusion, FS-C-DRILL:SO-V, 1096.19, 0.095, , , Ma, 10.1130/G47873.1, 31.853359, 0.14428, , , , , 
D6A-1196, 1196, full core core, MAIN AGT, AGT HOMOG, augite troctolite, 0, 0.5 cm grain size on average with some plag crystals up to 1cm in length, AGT, Troctolite, Igneous:Intrusive, Layered Intrusion, FS-C-DRILL:SO-V, 1096.19, 0.095, , , Ma, 10.1130/G47873.1, 32.306599, 0.10044, , , , , 
D6A-1171, 1171, full core core, MAIN AGT, AGT HOMOG, augite troctolite, 0, 0.5 to 0.7 cm grain size with some poikiocrysts and a general subophitic texture, AGT, Troctolite, Igneous:Intrusive, Layered Intrusion, FS-C-DRILL:SO-V, 1096.19, 0.095, , , Ma, 10.1130/G47873.1, 31.605801, 0.19433, , , , , 
D6A-1140, 1140, full core core, MAIN AGT, AGT HOMOG, augite troctolite, 1, 0.5 cm grain size on average with a subophitic texture and no obvious serpentinization, AGT, Troctolite, Igneous:Intrusive, Layered Intrusion, FS-C-DRILL:SO-V, 1096.19, 0.095, , , Ma, 10.1130/G47873.1, 31.981449, 0.13233, 0.08014, , , , 
D6A-1110, 1110, full core core, MAIN AGT, AGT HOMOG, augite troctolite, 0, 0.3 to 0.5 cm grain size with some poikiocrysts and no serpentinization, AGT, Troctolite, Igneous:Intrusive, Layered Intrusion, FS-C-DRILL:SO-V, 1096.19, 0.095, , , Ma, 10.1130/G47873.1, 31.42058, 0.22158, , , , , 
D6A-1108, 1108, full core core, MAIN AGT, AGT HOMOG, augite troctolite, 1, 0.3  to 0.5 cm grain size with a serpentinite vein curtting through the center of the core section, AGT, Troctolite, Igneous:Intrusive, Layered Intrusion, FS-C-DRILL:SO-V, 1096.19, 0.095, , , Ma, 10.1130/G47873.1, 30.816401, 0.1349, , 0.05033, serpentine chip, serpentine chip, 
D6A-1089, 1089, full core core, MAIN AGT, AGT HOMOG, augite troctolite, 0, 0.4 to 0.7 cm grain size with no serpentinization, AGT, Troctolite, Igneous:Intrusive, Layered Intrusion, FS-C-DRILL:SO-V, 1096.19, 0.095, , , Ma, 10.1130/G47873.1, 32.25769, 0.19723, , , , , 
D6A-1050, 1050, full core core, MAIN AGT, AGT HOMOG, auite troctolite, 1, 0.2 to 0.5 cm grain size, AGT, Troctolite, Igneous:Intrusive, Layered Intrusion, FS-C-DRILL:SO-V, 1096.19, 0.095, , , Ma, 10.1130/G47873.1, 32.187778, 0.20381, , , , , 
D6A-1025, 1025, full core core, MAIN AGT, AN TROCT HOMOG w/ FLUXION, anorthositic troctolite, 0, 0.2 to 0.4 cm grain size with a large percentage of plag, AGT, Troctolite, Igneous:Intrusive, Layered Intrusion, FS-C-DRILL:SO-V, 1096.19, 0.095, , , Ma, 10.1130/G47873.1, 29.868259, 0.132, 0.12256, , , , 
D6A-1005, 1005, full core core, MAIN AGT, AN TROCT HOMOG w/ FLUXION, anorthositic troctolite, 0, 0.2 to 0.4 cm grain size, AGT, Troctolite, Igneous:Intrusive, Layered Intrusion, FS-C-DRILL:SO-V, 1096.19, 0.095, , , Ma, 10.1130/G47873.1, 29.81599, 0.18905, 0.11672, , , , 
D6A-962, 962, core chip, MAIN AGT, AGT (AAT) HET, augite troctolite, 0, 0.5 cm grain size on average with a 1.5 cm wide seperentinization vein where the core chip was taken, AGT, Troctolite, Igneous:Intrusive, Layered Intrusion, FS-C-DRILL:SO-NO, 1096.19, 0.095, , , Ma, 10.1130/G47873.1, , 0.10202, 0.07186, 0.05622, , serpentine chip, 
D6A-953, 953, full core core, MAIN AGT, AGT (AAT) HET, augite troctolite, 0, 0.2 to 0.5 cm grain size, AGT, Troctolite, Igneous:Intrusive, Layered Intrusion, FS-C-DRILL:SO-V, 1096.19, 0.095, , , Ma, 10.1130/G47873.1, 30.0263, 0.14226, , , , , 
D6A-902, 902, full core core, MAIN AGT, AGT HET (T/ORT/AT/AAT), anorthositic troctolite, 0, 0.3 to 0.5 cm grain size, AGT, Troctolite, Igneous:Intrusive, Layered Intrusion, FS-C-DRILL:SO-V, 1096.19, 0.095, , , Ma, 10.1130/G47873.1, 31.073931, 0.19648, 0.24969, , , , 
D6A-852, 852, full core core, MAIN AGT, AGT HET (T/ORT/AT/AAT), augite troctolite, 0, 0.4 to 0.5 cm grain size mostly made of plag but containing large augites that can be up to 1.5 to 2 cm long, AGT, Troctolite, Igneous:Intrusive, Layered Intrusion, FS-C-DRILL:SO-V, 1096.19, 0.095, , , Ma, 10.1130/G47873.1, 32.466911, 0.12879, , , , , 
D6A-800, 800, full core core, MAIN AGT, AGT HET (T), anorthositic troctolite, 0, 0.3 to 0.5 cm grain size, AGT, Troctolite, Igneous:Intrusive, Layered Intrusion, FS-C-DRILL:SO-V, 1096.19, 0.095, , , Ma, 10.1130/G47873.1, 30.17001, 0.11613, , , , , 
D6A-775, 775, full core core, MAIN AGT, AGT (AAT) HET, augite troctolite, 0, 0.3 to 0.5 cm grain size, AGT, Troctolite, Igneous:Intrusive, Layered Intrusion, FS-C-DRILL:SO-V, 1096.19, 0.095, , , Ma, 10.1130/G47873.1, 30.66663, 0.12194, , , , , 
D6A-754, 754, full core core, MAIN AGT, AGT (AAT) HET, augite troctolite, 1, 0.3 to 0.5 grain size, AGT, Troctolite, Igneous:Intrusive, Layered Intrusion, FS-C-DRILL:SO-V, 1096.19, 0.095, , , Ma, 10.1130/G47873.1, 31.11462, 0.08746, , , , , yes
D6A-713, 713, full core core, MAIN AGT, AGT (AAT) HET, augite troctolite, 1, 0.2 to 0.4 cm grain size, AGT, Troctolite, Igneous:Intrusive, Layered Intrusion, FS-C-DRILL:SO-V, 1096.19, 0.095, , , Ma, 10.1130/G47873.1, 31.361719, 0.13596, , , , , 
D6A-653, 653, full core core, MAIN AGT, Vuggy GRANO (very light!), vuggy red rock, 0, 0.2 to 0.4 cm grain size and may be part of a xenolith, Felsic, Granophyre, Igneous:Intrusive, Intrusion, FS-C-DRILL:SO-V, 1106.9, 0.9, , , Ma, 10.1016/j.precamres.2007.02.019, 17.83325, 0.07917, 0.06857, , , , 
D6A-633, 633, full core core, MAIN AGT, AAT HOMOG, anorthositic troctolite, 1, 0.2 to 0.5 cm grain size with a lot of plag (>70%) and trace sulfides, AGT, Troctolite, Igneous:Intrusive, Layered Intrusion, FS-C-DRILL:SO-V, 1096.19, 0.095, , , Ma, 10.1130/G47873.1, 30.556471, 0.10944, , , , , 
D6A-594, 594, full core core, MAIN AGT, AGT HOMOG (plag-rich), anorthositic trcotolite, 1, 0.2 to 0.4 cm grain size with a large amount of plag (>70%), AGT, Troctolite, Igneous:Intrusive, Layered Intrusion, FS-C-DRILL:SO-V, 1096.19, 0.095, , , Ma, 10.1130/G47873.1, 30.520769, 0.08982, , , , , 
D6A-555, 555, full core core, MAIN AGT, AGT HOMOG (plag-rich), anorthositic troctolite, 1, 0.1 to 0.4 cm grain size with trace sulfides and a large amount of plag (>70%), AGT, Troctolite, Igneous:Intrusive, Layered Intrusion, FS-C-DRILL:SO-V, 1096.19, 0.095, , , Ma, 10.1130/G47873.1, 30.39399, 0.15168, , , , , 
D6A-515, 515, full core core, MAIN AGT, AGT HOMOG, augite troctolite, 0, 0.2 to 0.4 cm grain size, AGT, Troctolite, Igneous:Intrusive, Layered Intrusion, FS-C-DRILL:SO-V, 1096.19, 0.095, , , Ma, 10.1130/G47873.1, 30.558041, 0.09959, , , , , 
D6A-478, 478, full core core, MAIN AGT, AGT HOMOG, augite troctolite, 0, 0.2 to 0.4 cm grain size with bands of augite-poor zones, AGT, Troctolite, Igneous:Intrusive, Layered Intrusion, FS-C-DRILL:SO-V, 1096.19, 0.095, , , Ma, 10.1130/G47873.1, 30.480801, 0.13961, , , , , 
D6A-459, 459, full core core, MAIN AGT, AGT HOMOG, augite troctolite, 1, 0.3 to 0.5 gm grain size, AGT, Troctolite, Igneous:Intrusive, Layered Intrusion, FS-C-DRILL:SO-V, 1096.19, 0.095, , , Ma, 10.1130/G47873.1, 29.165501, 0.16489, , , , , yes
D6A-420, 420, full core core, MAIN AGT, AGT HOMOG (Hem-stained), augite troctolite, 0, 0.3 to 0.8 cm grain size with hematite replacing olivines (showing a red-stained color of iddingsite) and a small serpentinized vein (0.3 cm in width), Felsic, Troctolite, Igneous:Intrusive, Layered Intrusion, FS-C-DRILL:SO-V, 1096.19, 0.095, , , Ma, 10.1130/G47873.1, 28.862341, 0.15339, 0.11762, 0.07917, , predominantly hematite, 
D6A-441, 441, full core core, MAIN AGT, AGT HOMOG/GRANOPHYRE, granophyre, 0, 1.4 mm grain size and deep reddish color, Felsic, Granophyre, Igneous:Intrusive, Intrusion, FS-C-DRILL:SO-V, 1106.9, 0.9, , , Ma, 10.1016/j.precamres.2007.02.019, 21.553301, 0.08787, , , , , 
D6A-397, 397, full core core, MAIN AGT, AGT HOMOG/GRANOPHYRE, granophyre, 0, 0.7 to 1 cm grain size and a lighter red color, Felsic, Granophyre, Igneous:Intrusive, Intrusion, FS-C-DRILL:SO-V, 1106.9, 0.9, , , Ma, 10.1016/j.precamres.2007.02.019, 24.46104, 0.09518, 0.08812, , , , 
D6A-323, 323, full core core, MAIN AGT, AGT HOMOG, anorthositic troctolite, 1, 0.3 to 0.6 cm grain size with pretty plag rich comp, AGT, Troctolite, Igneous:Intrusive, Layered Intrusion, FS-C-DRILL:SO-V, 1096.19, 0.095, , , Ma, 10.1130/G47873.1, 30.58662, 0.11143, , , , , 
D6A-285, 285, full core core, MAIN AGT, AGT HOMOG, augite troctolite, 1, 0.2 t 0.7 cm grain sie with an ophitic texture and larger augites up to 2 cm, AGT, Troctolite, Igneous:Intrusive, Layered Intrusion, FS-C-DRILL:SO-V, 1096.19, 0.095, , , Ma, 10.1130/G47873.1, 31.21718, 0.10279, , , , , 
D6A-238, 238, full core core, MAIN AGT, AAT (AOG) HOMOG, anorthositic troctolite, 1, 0.3 to 0.5 grain size, AGT, Troctolite, Igneous:Intrusive, Layered Intrusion, FS-C-DRILL:SO-V, 1096.19, 0.095, , , Ma, 10.1130/G47873.1, 30.81752, 0.09825, , , , , 
D6A-202, 202, full core core, MAIN AGT, AGT HETEROGEN/PEGMATITE, pegmatite, 0, 2 to 4 cm grain size with some grains up to 6 cm and large oxides found, AGT, Pegmatite, Igneous:Intrusive, Layered Intrusion, FS-C-DRILL:SO-V, 1096.19, 0.095, , , Ma, 10.1130/G47873.1, 34.453819, 0.11407, 0.18553, , , , 
D6A-163, 163, full core core, MAIN AGT, AGT HETEROGEN, augite troctolite, 1, 0.3 to 0.5 cm grain size, AGT, Troctolite, Igneous:Intrusive, Layered Intrusion, FS-C-DRILL:SO-V, 1096.19, 0.095, , , Ma, 10.1130/G47873.1, 30.5256, 0.1413, , , , , 
