Specimen_ID,Specimen_description,Specimen_azimuth,Specimen_plunge,Specimen_mass[g],Specimen_vol[cc],Specimen_coordinate,Uchannel_length[cm],Uchannel_area[cm2],Sample_ID,Sample_description,Site_ID,Site_description,Site_lat,Site_lon,Site_coordinate,Site_bedding_dip,Site_dip_azimuth,Locality_ID,Locality_description,Expedition_ID,Expedition_description,material_ID,material_description,material_manufacturer,material_composition,material_mineral_name,material_grain_length[um],material_grain_L/W_ratio,composition_parameter_X,composition_parameter_Y,oxidation_parameter_Z
D6A-2123a,oriented specimen for remanence,0,0,,,2123,,,D6A-2123,equigranular 1 mm granite,D6A-2123,Severson unit GRB; Severson description: MED. GRN GRANITE; rock type: quartz monzonite; sulfide 0%,47.6989,-91.8362,2123,,,D6A,"D-6A drill core, Dunka Pit area, South Kawishiwi intrusion, Duluth Complex; collar 47.6989N, 91.8362W (DNRNUM 13933)",SSRM 2026,"2026 IRM Summer School of Rock Magnetism, Duluth Complex project",,,,,,,,,,
D6A-2123b,chip for rock magnetic experiments,,,,,2123,,,D6A-2123,equigranular 1 mm granite,D6A-2123,Severson unit GRB; Severson description: MED. GRN GRANITE; rock type: quartz monzonite; sulfide 0%,47.6989,-91.8362,2123,,,D6A,"D-6A drill core, Dunka Pit area, South Kawishiwi intrusion, Duluth Complex; collar 47.6989N, 91.8362W (DNRNUM 13933)",SSRM 2026,"2026 IRM Summer School of Rock Magnetism, Duluth Complex project",,,,,,,,,,
D6A-2105a,oriented specimen for remanence,0,0,,,2105,,,D6A-2105,equigranular 1 mm granite,D6A-2105,Severson unit GRB; Severson description: MED. GRN GRANITE; rock type: quartz monzonite; sulfide 0%,47.6989,-91.8362,2105,,,D6A,"D-6A drill core, Dunka Pit area, South Kawishiwi intrusion, Duluth Complex; collar 47.6989N, 91.8362W (DNRNUM 13933)",SSRM 2026,"2026 IRM Summer School of Rock Magnetism, Duluth Complex project",,,,,,,,,,
D6A-2105b,chip for rock magnetic experiments,,,,,2105,,,D6A-2105,equigranular 1 mm granite,D6A-2105,Severson unit GRB; Severson description: MED. GRN GRANITE; rock type: quartz monzonite; sulfide 0%,47.6989,-91.8362,2105,,,D6A,"D-6A drill core, Dunka Pit area, South Kawishiwi intrusion, Duluth Complex; collar 47.6989N, 91.8362W (DNRNUM 13933)",SSRM 2026,"2026 IRM Summer School of Rock Magnetism, Duluth Complex project",,,,,,,,,,
D6A-2095a,oriented specimen for remanence,0,0,,,2095,,,D6A-2095,porphyritic granite with 3 mm ground mass with plag phenos up to 1 cm,D6A-2095,Severson unit GRB; Severson description: CS GRN PORPYRITIC; rock type: quartz monzonite; sulfide 0%,47.6989,-91.8362,2095,,,D6A,"D-6A drill core, Dunka Pit area, South Kawishiwi intrusion, Duluth Complex; collar 47.6989N, 91.8362W (DNRNUM 13933)",SSRM 2026,"2026 IRM Summer School of Rock Magnetism, Duluth Complex project",,,,,,,,,,
D6A-2095b,chip for rock magnetic experiments,,,,,2095,,,D6A-2095,porphyritic granite with 3 mm ground mass with plag phenos up to 1 cm,D6A-2095,Severson unit GRB; Severson description: CS GRN PORPYRITIC; rock type: quartz monzonite; sulfide 0%,47.6989,-91.8362,2095,,,D6A,"D-6A drill core, Dunka Pit area, South Kawishiwi intrusion, Duluth Complex; collar 47.6989N, 91.8362W (DNRNUM 13933)",SSRM 2026,"2026 IRM Summer School of Rock Magnetism, Duluth Complex project",,,,,,,,,,
D6A-2076a,oriented specimen for remanence,0,0,,,2076,,,D6A-2076,porphyritic granite with plag phenos up to 3 cm that are aligned in tilted foliation,D6A-2076,Severson unit GRB; Severson description: CS GRN PORPYRITIC; rock type: quartz monzonite; sulfide 0%,47.6989,-91.8362,2076,,,D6A,"D-6A drill core, Dunka Pit area, South Kawishiwi intrusion, Duluth Complex; collar 47.6989N, 91.8362W (DNRNUM 13933)",SSRM 2026,"2026 IRM Summer School of Rock Magnetism, Duluth Complex project",,,,,,,,,,
D6A-2076b,chip for rock magnetic experiments,,,,,2076,,,D6A-2076,porphyritic granite with plag phenos up to 3 cm that are aligned in tilted foliation,D6A-2076,Severson unit GRB; Severson description: CS GRN PORPYRITIC; rock type: quartz monzonite; sulfide 0%,47.6989,-91.8362,2076,,,D6A,"D-6A drill core, Dunka Pit area, South Kawishiwi intrusion, Duluth Complex; collar 47.6989N, 91.8362W (DNRNUM 13933)",SSRM 2026,"2026 IRM Summer School of Rock Magnetism, Duluth Complex project",,,,,,,,,,
D6A-2046a,oriented specimen for remanence,0,0,,,2046,,,D6A-2046,0.5 cm grain size with subhorizontal igneous foliation,D6A-2046,Severson unit GRB; Severson description: MED. GRN GRANITE; rock type: quartz monzonite; sulfide 0%,47.6989,-91.8362,2046,,,D6A,"D-6A drill core, Dunka Pit area, South Kawishiwi intrusion, Duluth Complex; collar 47.6989N, 91.8362W (DNRNUM 13933)",SSRM 2026,"2026 IRM Summer School of Rock Magnetism, Duluth Complex project",,,,,,,,,,
D6A-2046b,chip for rock magnetic experiments,,,,,2046,,,D6A-2046,0.5 cm grain size with subhorizontal igneous foliation,D6A-2046,Severson unit GRB; Severson description: MED. GRN GRANITE; rock type: quartz monzonite; sulfide 0%,47.6989,-91.8362,2046,,,D6A,"D-6A drill core, Dunka Pit area, South Kawishiwi intrusion, Duluth Complex; collar 47.6989N, 91.8362W (DNRNUM 13933)",SSRM 2026,"2026 IRM Summer School of Rock Magnetism, Duluth Complex project",,,,,,,,,,
D6A-2031a,oriented specimen for remanence,0,-90,,,2031,,,D6A-2031,quartz monzonite 0.7 to 1 mm grain quartz monozonite footwall with abundant sulfides (bright brassy chalcopyrite?). We consider this to be GRB rather than assimilated GRB.,D6A-2031,Severson unit GRB; Severson description: Homog. (Noritic) CP-BN+Po-rich zone (10%); rock type: quartz monzonite; sulfide 3%,47.6989,-91.8362,2031,,,D6A,"D-6A drill core, Dunka Pit area, South Kawishiwi intrusion, Duluth Complex; collar 47.6989N, 91.8362W (DNRNUM 13933)",SSRM 2026,"2026 IRM Summer School of Rock Magnetism, Duluth Complex project",,,,,,,,,,
D6A-2031b,chip for rock magnetic experiments,,,,,2031,,,D6A-2031,quartz monzonite 0.7 to 1 mm grain quartz monozonite footwall with abundant sulfides (bright brassy chalcopyrite?). We consider this to be GRB rather than assimilated GRB.,D6A-2031,Severson unit GRB; Severson description: Homog. (Noritic) CP-BN+Po-rich zone (10%); rock type: quartz monzonite; sulfide 3%,47.6989,-91.8362,2031,,,D6A,"D-6A drill core, Dunka Pit area, South Kawishiwi intrusion, Duluth Complex; collar 47.6989N, 91.8362W (DNRNUM 13933)",SSRM 2026,"2026 IRM Summer School of Rock Magnetism, Duluth Complex project",,,,,,,,,,
D6A-2022a,oriented specimen for remanence,0,-90,,,2022,,,D6A-2022,0.3 to 0.5 cm troctolite (preferring Severson's initial call of troctolite over norite),D6A-2022,Severson unit BAN (l); Severson description: Troctolite (crossed-out) Homog. (Noritic); rock type: troctolite; sulfide 1%,47.6989,-91.8362,2022,,,D6A,"D-6A drill core, Dunka Pit area, South Kawishiwi intrusion, Duluth Complex; collar 47.6989N, 91.8362W (DNRNUM 13933)",SSRM 2026,"2026 IRM Summer School of Rock Magnetism, Duluth Complex project",,,,,,,,,,
D6A-2022b,chip for rock magnetic experiments,,,,,2022,,,D6A-2022,0.3 to 0.5 cm troctolite (preferring Severson's initial call of troctolite over norite),D6A-2022,Severson unit BAN (l); Severson description: Troctolite (crossed-out) Homog. (Noritic); rock type: troctolite; sulfide 1%,47.6989,-91.8362,2022,,,D6A,"D-6A drill core, Dunka Pit area, South Kawishiwi intrusion, Duluth Complex; collar 47.6989N, 91.8362W (DNRNUM 13933)",SSRM 2026,"2026 IRM Summer School of Rock Magnetism, Duluth Complex project",,,,,,,,,,
D6A-2009a,oriented specimen for remanence,0,-90,,,2009,,,D6A-2009,0.3 cm augite troctolite sulfides up to 0.5 cm,D6A-2009,Severson unit BAN (l); Severson description: TROCT (MOD HET); rock type: augite troctolite; sulfide 3%,47.6989,-91.8362,2009,,,D6A,"D-6A drill core, Dunka Pit area, South Kawishiwi intrusion, Duluth Complex; collar 47.6989N, 91.8362W (DNRNUM 13933)",SSRM 2026,"2026 IRM Summer School of Rock Magnetism, Duluth Complex project",,,,,,,,,,
D6A-2009b,chip for rock magnetic experiments,,,,,2009,,,D6A-2009,0.3 cm augite troctolite sulfides up to 0.5 cm,D6A-2009,Severson unit BAN (l); Severson description: TROCT (MOD HET); rock type: augite troctolite; sulfide 3%,47.6989,-91.8362,2009,,,D6A,"D-6A drill core, Dunka Pit area, South Kawishiwi intrusion, Duluth Complex; collar 47.6989N, 91.8362W (DNRNUM 13933)",SSRM 2026,"2026 IRM Summer School of Rock Magnetism, Duluth Complex project",,,,,,,,,,
D6A-2001a,oriented specimen for remanence,0,-90,,,2001,,,D6A-2001,0.3 to 0.5 cm with sulfides up to 0.4 cm,D6A-2001,Severson unit BAN (l); Severson description: AGT-HOMOG.; rock type: augite troctolite; sulfide 1%,47.6989,-91.8362,2001,,,D6A,"D-6A drill core, Dunka Pit area, South Kawishiwi intrusion, Duluth Complex; collar 47.6989N, 91.8362W (DNRNUM 13933)",SSRM 2026,"2026 IRM Summer School of Rock Magnetism, Duluth Complex project",,,,,,,,,,
D6A-2001b,chip for rock magnetic experiments,,,,,2001,,,D6A-2001,0.3 to 0.5 cm with sulfides up to 0.4 cm,D6A-2001,Severson unit BAN (l); Severson description: AGT-HOMOG.; rock type: augite troctolite; sulfide 1%,47.6989,-91.8362,2001,,,D6A,"D-6A drill core, Dunka Pit area, South Kawishiwi intrusion, Duluth Complex; collar 47.6989N, 91.8362W (DNRNUM 13933)",SSRM 2026,"2026 IRM Summer School of Rock Magnetism, Duluth Complex project",,,,,,,,,,
D6A-1989a,oriented specimen for remanence,0,-90,,,1989,,,D6A-1989,0.3 to 0.5 cm with sulfides,D6A-1989,Severson unit BAN (l); Severson description: AGT-HOMOG.; rock type: augite troctolite; sulfide 7%,47.6989,-91.8362,1989,,,D6A,"D-6A drill core, Dunka Pit area, South Kawishiwi intrusion, Duluth Complex; collar 47.6989N, 91.8362W (DNRNUM 13933)",SSRM 2026,"2026 IRM Summer School of Rock Magnetism, Duluth Complex project",,,,,,,,,,
D6A-1989b,chip for rock magnetic experiments,,,,,1989,,,D6A-1989,0.3 to 0.5 cm with sulfides,D6A-1989,Severson unit BAN (l); Severson description: AGT-HOMOG.; rock type: augite troctolite; sulfide 7%,47.6989,-91.8362,1989,,,D6A,"D-6A drill core, Dunka Pit area, South Kawishiwi intrusion, Duluth Complex; collar 47.6989N, 91.8362W (DNRNUM 13933)",SSRM 2026,"2026 IRM Summer School of Rock Magnetism, Duluth Complex project",,,,,,,,,,
D6A-1926a,oriented specimen for remanence,0,-90,,,1926,,,D6A-1926,0.3 to 0.5 cm with sulfide up to 1 cm sulfides include the peacock colored bornite,D6A-1926,Severson unit BAN (l); Severson description: T-HOMOG; rock type: augite troctolite; sulfide 3%,47.6989,-91.8362,1926,,,D6A,"D-6A drill core, Dunka Pit area, South Kawishiwi intrusion, Duluth Complex; collar 47.6989N, 91.8362W (DNRNUM 13933)",SSRM 2026,"2026 IRM Summer School of Rock Magnetism, Duluth Complex project",,,,,,,,,,
D6A-1926b,chip for rock magnetic experiments,,,,,1926,,,D6A-1926,0.3 to 0.5 cm with sulfide up to 1 cm sulfides include the peacock colored bornite,D6A-1926,Severson unit BAN (l); Severson description: T-HOMOG; rock type: augite troctolite; sulfide 3%,47.6989,-91.8362,1926,,,D6A,"D-6A drill core, Dunka Pit area, South Kawishiwi intrusion, Duluth Complex; collar 47.6989N, 91.8362W (DNRNUM 13933)",SSRM 2026,"2026 IRM Summer School of Rock Magnetism, Duluth Complex project",,,,,,,,,,
D6A-1913a,oriented specimen for remanence,0,-90,,,1913,,,D6A-1913,0.3 to 0.5 cm with sulfides up to 0.5,D6A-1913,Severson unit BAN (l); Severson description: T-HOMOG; rock type: troctolite; sulfide 5%,47.6989,-91.8362,1913,,,D6A,"D-6A drill core, Dunka Pit area, South Kawishiwi intrusion, Duluth Complex; collar 47.6989N, 91.8362W (DNRNUM 13933)",SSRM 2026,"2026 IRM Summer School of Rock Magnetism, Duluth Complex project",,,,,,,,,,
D6A-1913b,chip for rock magnetic experiments,,,,,1913,,,D6A-1913,0.3 to 0.5 cm with sulfides up to 0.5,D6A-1913,Severson unit BAN (l); Severson description: T-HOMOG; rock type: troctolite; sulfide 5%,47.6989,-91.8362,1913,,,D6A,"D-6A drill core, Dunka Pit area, South Kawishiwi intrusion, Duluth Complex; collar 47.6989N, 91.8362W (DNRNUM 13933)",SSRM 2026,"2026 IRM Summer School of Rock Magnetism, Duluth Complex project",,,,,,,,,,
D6A-1899a,oriented specimen for remanence,0,-90,,,1899,,,D6A-1899,0.2 cm with plag laths up to 2 cm with igneous foliation,D6A-1899,Severson unit U3; Severson description: ORT; rock type: olivine-rich troctolite; sulfide 0%,47.6989,-91.8362,1899,,,D6A,"D-6A drill core, Dunka Pit area, South Kawishiwi intrusion, Duluth Complex; collar 47.6989N, 91.8362W (DNRNUM 13933)",SSRM 2026,"2026 IRM Summer School of Rock Magnetism, Duluth Complex project",,,,,,,,,,
D6A-1899b,chip for rock magnetic experiments,,,,,1899,,,D6A-1899,0.2 cm with plag laths up to 2 cm with igneous foliation,D6A-1899,Severson unit U3; Severson description: ORT; rock type: olivine-rich troctolite; sulfide 0%,47.6989,-91.8362,1899,,,D6A,"D-6A drill core, Dunka Pit area, South Kawishiwi intrusion, Duluth Complex; collar 47.6989N, 91.8362W (DNRNUM 13933)",SSRM 2026,"2026 IRM Summer School of Rock Magnetism, Duluth Complex project",,,,,,,,,,
D6A-1888a,oriented specimen for remanence,0,-90,,,1888,,,D6A-1888,0.3 to 0.5 cm grain size; on the box Mark has this grouped as U3 but seems more natural fit in the BAN (which is what he has labeled on box),D6A-1888,Severson unit U3; Severson description: AGT; rock type: augite troctolite; sulfide 0%,47.6989,-91.8362,1888,,,D6A,"D-6A drill core, Dunka Pit area, South Kawishiwi intrusion, Duluth Complex; collar 47.6989N, 91.8362W (DNRNUM 13933)",SSRM 2026,"2026 IRM Summer School of Rock Magnetism, Duluth Complex project",,,,,,,,,,
D6A-1888b,chip for rock magnetic experiments,,,,,1888,,,D6A-1888,0.3 to 0.5 cm grain size; on the box Mark has this grouped as U3 but seems more natural fit in the BAN (which is what he has labeled on box),D6A-1888,Severson unit U3; Severson description: AGT; rock type: augite troctolite; sulfide 0%,47.6989,-91.8362,1888,,,D6A,"D-6A drill core, Dunka Pit area, South Kawishiwi intrusion, Duluth Complex; collar 47.6989N, 91.8362W (DNRNUM 13933)",SSRM 2026,"2026 IRM Summer School of Rock Magnetism, Duluth Complex project",,,,,,,,,,
D6A-1880a,oriented specimen for remanence,0,-90,,,1880,,,D6A-1880,0.3 to 0.5 cm grain size; on the box Mark has this grouped as U3 but seems more natural fit in the BAN (which is what he has labeled on box),D6A-1880,Severson unit U3; Severson description: AGT; rock type: augite troctolite; sulfide 0%,47.6989,-91.8362,1880,,,D6A,"D-6A drill core, Dunka Pit area, South Kawishiwi intrusion, Duluth Complex; collar 47.6989N, 91.8362W (DNRNUM 13933)",SSRM 2026,"2026 IRM Summer School of Rock Magnetism, Duluth Complex project",,,,,,,,,,
D6A-1880b,chip for rock magnetic experiments,,,,,1880,,,D6A-1880,0.3 to 0.5 cm grain size; on the box Mark has this grouped as U3 but seems more natural fit in the BAN (which is what he has labeled on box),D6A-1880,Severson unit U3; Severson description: AGT; rock type: augite troctolite; sulfide 0%,47.6989,-91.8362,1880,,,D6A,"D-6A drill core, Dunka Pit area, South Kawishiwi intrusion, Duluth Complex; collar 47.6989N, 91.8362W (DNRNUM 13933)",SSRM 2026,"2026 IRM Summer School of Rock Magnetism, Duluth Complex project",,,,,,,,,,
D6A-1868a,oriented specimen for remanence,0,-90,,,1868,,,D6A-1868,fine-grained and more green than other peridotites in this interval,D6A-1868,Severson unit U3; Severson description: PER; rock type: peridotite; sulfide 0%,47.6989,-91.8362,1868,,,D6A,"D-6A drill core, Dunka Pit area, South Kawishiwi intrusion, Duluth Complex; collar 47.6989N, 91.8362W (DNRNUM 13933)",SSRM 2026,"2026 IRM Summer School of Rock Magnetism, Duluth Complex project",,,,,,,,,,
D6A-1868b,chip for rock magnetic experiments,,,,,1868,,,D6A-1868,fine-grained and more green than other peridotites in this interval,D6A-1868,Severson unit U3; Severson description: PER; rock type: peridotite; sulfide 0%,47.6989,-91.8362,1868,,,D6A,"D-6A drill core, Dunka Pit area, South Kawishiwi intrusion, Duluth Complex; collar 47.6989N, 91.8362W (DNRNUM 13933)",SSRM 2026,"2026 IRM Summer School of Rock Magnetism, Duluth Complex project",,,,,,,,,,
D6A-1861a,oriented specimen for remanence,0,-90,,,1861,,,D6A-1861,0.5 to 1 mm dark grey with vein of green serpentinization,D6A-1861,Severson unit U3; Severson description: FELD PER; rock type: feldspathic peridotite; sulfide 0%,47.6989,-91.8362,1861,,,D6A,"D-6A drill core, Dunka Pit area, South Kawishiwi intrusion, Duluth Complex; collar 47.6989N, 91.8362W (DNRNUM 13933)",SSRM 2026,"2026 IRM Summer School of Rock Magnetism, Duluth Complex project",,,,,,,,,,
D6A-1861b,chip for rock magnetic experiments,,,,,1861,,,D6A-1861,0.5 to 1 mm dark grey with vein of green serpentinization,D6A-1861,Severson unit U3; Severson description: FELD PER; rock type: feldspathic peridotite; sulfide 0%,47.6989,-91.8362,1861,,,D6A,"D-6A drill core, Dunka Pit area, South Kawishiwi intrusion, Duluth Complex; collar 47.6989N, 91.8362W (DNRNUM 13933)",SSRM 2026,"2026 IRM Summer School of Rock Magnetism, Duluth Complex project",,,,,,,,,,
D6A-1857a,oriented specimen for remanence,0,-90,,,1857,,,D6A-1857,0.5 to 1 mm turqoise blue blebs of secondary Cu alteration possibly atacamite-group associated with Cl-rich alteration; likely after Cu sulfides,D6A-1857,Severson unit U3; Severson description: FELD PER; rock type: feldspathic peridotite; sulfide 2%,47.6989,-91.8362,1857,,,D6A,"D-6A drill core, Dunka Pit area, South Kawishiwi intrusion, Duluth Complex; collar 47.6989N, 91.8362W (DNRNUM 13933)",SSRM 2026,"2026 IRM Summer School of Rock Magnetism, Duluth Complex project",,,,,,,,,,
D6A-1857b,chip for rock magnetic experiments,,,,,1857,,,D6A-1857,0.5 to 1 mm turqoise blue blebs of secondary Cu alteration possibly atacamite-group associated with Cl-rich alteration; likely after Cu sulfides,D6A-1857,Severson unit U3; Severson description: FELD PER; rock type: feldspathic peridotite; sulfide 2%,47.6989,-91.8362,1857,,,D6A,"D-6A drill core, Dunka Pit area, South Kawishiwi intrusion, Duluth Complex; collar 47.6989N, 91.8362W (DNRNUM 13933)",SSRM 2026,"2026 IRM Summer School of Rock Magnetism, Duluth Complex project",,,,,,,,,,
D6A-1849a,oriented specimen for remanence,0,-90,,,1849,,,D6A-1849,0.25 mm grain size with rust-colored wet alteration spots/droplets on cut core surface; interpreted as Fe-hydroxychloride alteration possibly hibbingite-related associated with Cl-rich fluids; chalky white alteration blebs,D6A-1849,Severson unit U3; Severson description: PERIDOTITE ABUND. CL DROPS!!!; rock type: peridotite; sulfide 0%,47.6989,-91.8362,1849,,,D6A,"D-6A drill core, Dunka Pit area, South Kawishiwi intrusion, Duluth Complex; collar 47.6989N, 91.8362W (DNRNUM 13933)",SSRM 2026,"2026 IRM Summer School of Rock Magnetism, Duluth Complex project",,,,,,,,,,
D6A-1849b,chip for rock magnetic experiments,,,,,1849,,,D6A-1849,0.25 mm grain size with rust-colored wet alteration spots/droplets on cut core surface; interpreted as Fe-hydroxychloride alteration possibly hibbingite-related associated with Cl-rich fluids; chalky white alteration blebs,D6A-1849,Severson unit U3; Severson description: PERIDOTITE ABUND. CL DROPS!!!; rock type: peridotite; sulfide 0%,47.6989,-91.8362,1849,,,D6A,"D-6A drill core, Dunka Pit area, South Kawishiwi intrusion, Duluth Complex; collar 47.6989N, 91.8362W (DNRNUM 13933)",SSRM 2026,"2026 IRM Summer School of Rock Magnetism, Duluth Complex project",,,,,,,,,,
D6A-1845a,oriented specimen for remanence,0,-90,,,1845,,,D6A-1845,0.25 mm grain size with rust-colored wet alteration spots/droplets on cut core surface; interpreted as Fe-hydroxychloride alteration possibly hibbingite-related associated with Cl-rich fluids; chalky white alteration blebs,D6A-1845,Severson unit U3; Severson description: PERIDOTITE ABUND. CL DROPS!!!; rock type: peridotite; sulfide 0%,47.6989,-91.8362,1845,,,D6A,"D-6A drill core, Dunka Pit area, South Kawishiwi intrusion, Duluth Complex; collar 47.6989N, 91.8362W (DNRNUM 13933)",SSRM 2026,"2026 IRM Summer School of Rock Magnetism, Duluth Complex project",,,,,,,,,,
D6A-1845b,chip for rock magnetic experiments,,,,,1845,,,D6A-1845,0.25 mm grain size with rust-colored wet alteration spots/droplets on cut core surface; interpreted as Fe-hydroxychloride alteration possibly hibbingite-related associated with Cl-rich fluids; chalky white alteration blebs,D6A-1845,Severson unit U3; Severson description: PERIDOTITE ABUND. CL DROPS!!!; rock type: peridotite; sulfide 0%,47.6989,-91.8362,1845,,,D6A,"D-6A drill core, Dunka Pit area, South Kawishiwi intrusion, Duluth Complex; collar 47.6989N, 91.8362W (DNRNUM 13933)",SSRM 2026,"2026 IRM Summer School of Rock Magnetism, Duluth Complex project",,,,,,,,,,
D6A-1833a,oriented specimen for remanence,0,-90,,,1833,,,D6A-1833,0.25 mm grain size with rust-colored wet alteration spots/droplets on cut core surface; interpreted as Fe-hydroxychloride alteration possibly hibbingite-related associated with Cl-rich fluids; chalky white alteration blebs,D6A-1833,Severson unit U3; Severson description: PERIDOTITE ABUND. CL DROPS!!!; rock type: peridotite; sulfide 2%,47.6989,-91.8362,1833,,,D6A,"D-6A drill core, Dunka Pit area, South Kawishiwi intrusion, Duluth Complex; collar 47.6989N, 91.8362W (DNRNUM 13933)",SSRM 2026,"2026 IRM Summer School of Rock Magnetism, Duluth Complex project",,,,,,,,,,
D6A-1833b,chip for rock magnetic experiments,,,,,1833,,,D6A-1833,0.25 mm grain size with rust-colored wet alteration spots/droplets on cut core surface; interpreted as Fe-hydroxychloride alteration possibly hibbingite-related associated with Cl-rich fluids; chalky white alteration blebs,D6A-1833,Severson unit U3; Severson description: PERIDOTITE ABUND. CL DROPS!!!; rock type: peridotite; sulfide 2%,47.6989,-91.8362,1833,,,D6A,"D-6A drill core, Dunka Pit area, South Kawishiwi intrusion, Duluth Complex; collar 47.6989N, 91.8362W (DNRNUM 13933)",SSRM 2026,"2026 IRM Summer School of Rock Magnetism, Duluth Complex project",,,,,,,,,,
D6A-1822a,oriented specimen for remanence,0,-90,,,1822,,,D6A-1822,0.5 mm grain size with no more rust-colored alteration,D6A-1822,Severson unit U3; Severson description: PERIDOTITE; rock type: peridotite; sulfide 1%,47.6989,-91.8362,1822,,,D6A,"D-6A drill core, Dunka Pit area, South Kawishiwi intrusion, Duluth Complex; collar 47.6989N, 91.8362W (DNRNUM 13933)",SSRM 2026,"2026 IRM Summer School of Rock Magnetism, Duluth Complex project",,,,,,,,,,
D6A-1822b,chip for rock magnetic experiments,,,,,1822,,,D6A-1822,0.5 mm grain size with no more rust-colored alteration,D6A-1822,Severson unit U3; Severson description: PERIDOTITE; rock type: peridotite; sulfide 1%,47.6989,-91.8362,1822,,,D6A,"D-6A drill core, Dunka Pit area, South Kawishiwi intrusion, Duluth Complex; collar 47.6989N, 91.8362W (DNRNUM 13933)",SSRM 2026,"2026 IRM Summer School of Rock Magnetism, Duluth Complex project",,,,,,,,,,
D6A-1806a,oriented specimen for remanence,0,-90,,,1806,,,D6A-1806,0.2 to 0.5 cm grain size,D6A-1806,Severson unit BAN (u); Severson description: AT HOMG.; rock type: anorthositic troctolite; sulfide 0%,47.6989,-91.8362,1806,,,D6A,"D-6A drill core, Dunka Pit area, South Kawishiwi intrusion, Duluth Complex; collar 47.6989N, 91.8362W (DNRNUM 13933)",SSRM 2026,"2026 IRM Summer School of Rock Magnetism, Duluth Complex project",,,,,,,,,,
D6A-1806b,chip for rock magnetic experiments,,,,,1806,,,D6A-1806,0.2 to 0.5 cm grain size,D6A-1806,Severson unit BAN (u); Severson description: AT HOMG.; rock type: anorthositic troctolite; sulfide 0%,47.6989,-91.8362,1806,,,D6A,"D-6A drill core, Dunka Pit area, South Kawishiwi intrusion, Duluth Complex; collar 47.6989N, 91.8362W (DNRNUM 13933)",SSRM 2026,"2026 IRM Summer School of Rock Magnetism, Duluth Complex project",,,,,,,,,,
D6A-1789a,oriented specimen for remanence,0,-90,,,1789,,,D6A-1789,0.3 to 0.5 cm grain size,D6A-1789,Severson unit BAN (u); Severson description: AGT (CP(BN)=Po); rock type: augite troctolite; sulfide 0%,47.6989,-91.8362,1789,,,D6A,"D-6A drill core, Dunka Pit area, South Kawishiwi intrusion, Duluth Complex; collar 47.6989N, 91.8362W (DNRNUM 13933)",SSRM 2026,"2026 IRM Summer School of Rock Magnetism, Duluth Complex project",,,,,,,,,,
D6A-1789b,chip for rock magnetic experiments,,,,,1789,,,D6A-1789,0.3 to 0.5 cm grain size,D6A-1789,Severson unit BAN (u); Severson description: AGT (CP(BN)=Po); rock type: augite troctolite; sulfide 0%,47.6989,-91.8362,1789,,,D6A,"D-6A drill core, Dunka Pit area, South Kawishiwi intrusion, Duluth Complex; collar 47.6989N, 91.8362W (DNRNUM 13933)",SSRM 2026,"2026 IRM Summer School of Rock Magnetism, Duluth Complex project",,,,,,,,,,
D6A-1779a,oriented specimen for remanence,0,-90,,,1779,,,D6A-1779,0.3 to 0.5 cm grain sie with sulfides up to 0.4 cm in size,D6A-1779,Severson unit BAN (u); Severson description: AGT (CP(BN)=Po); rock type: augute troctolite; sulfide 3%,47.6989,-91.8362,1779,,,D6A,"D-6A drill core, Dunka Pit area, South Kawishiwi intrusion, Duluth Complex; collar 47.6989N, 91.8362W (DNRNUM 13933)",SSRM 2026,"2026 IRM Summer School of Rock Magnetism, Duluth Complex project",,,,,,,,,,
D6A-1779b,chip for rock magnetic experiments,,,,,1779,,,D6A-1779,0.3 to 0.5 cm grain sie with sulfides up to 0.4 cm in size,D6A-1779,Severson unit BAN (u); Severson description: AGT (CP(BN)=Po); rock type: augute troctolite; sulfide 3%,47.6989,-91.8362,1779,,,D6A,"D-6A drill core, Dunka Pit area, South Kawishiwi intrusion, Duluth Complex; collar 47.6989N, 91.8362W (DNRNUM 13933)",SSRM 2026,"2026 IRM Summer School of Rock Magnetism, Duluth Complex project",,,,,,,,,,
D6A-1762a,oriented specimen for remanence,0,-90,,,1762,,,D6A-1762,0.3 to 0.7 cm grain size with sulfides up to 0.4 cm in sie and a 1.5 cm mafic xenolith,D6A-1762,Severson unit BAN (u); Severson description: AGT (CP(BN)>Po); rock type: augite troctolite; sulfide 3%,47.6989,-91.8362,1762,,,D6A,"D-6A drill core, Dunka Pit area, South Kawishiwi intrusion, Duluth Complex; collar 47.6989N, 91.8362W (DNRNUM 13933)",SSRM 2026,"2026 IRM Summer School of Rock Magnetism, Duluth Complex project",,,,,,,,,,
D6A-1762b,chip for rock magnetic experiments,,,,,1762,,,D6A-1762,0.3 to 0.7 cm grain size with sulfides up to 0.4 cm in sie and a 1.5 cm mafic xenolith,D6A-1762,Severson unit BAN (u); Severson description: AGT (CP(BN)>Po); rock type: augite troctolite; sulfide 3%,47.6989,-91.8362,1762,,,D6A,"D-6A drill core, Dunka Pit area, South Kawishiwi intrusion, Duluth Complex; collar 47.6989N, 91.8362W (DNRNUM 13933)",SSRM 2026,"2026 IRM Summer School of Rock Magnetism, Duluth Complex project",,,,,,,,,,
D6A-1727a,oriented specimen for remanence,0,-90,,,1727,,,D6A-1727,0.3 to 0.5 cm grain size with a large patch of sulfides (4 to 5 cm),D6A-1727,Severson unit BAN (u); Severson description: AGT-(OG?) HET; rock type: augite troctolite; sulfide 5%,47.6989,-91.8362,1727,,,D6A,"D-6A drill core, Dunka Pit area, South Kawishiwi intrusion, Duluth Complex; collar 47.6989N, 91.8362W (DNRNUM 13933)",SSRM 2026,"2026 IRM Summer School of Rock Magnetism, Duluth Complex project",,,,,,,,,,
D6A-1727b,chip for rock magnetic experiments,,,,,1727,,,D6A-1727,0.3 to 0.5 cm grain size with a large patch of sulfides (4 to 5 cm),D6A-1727,Severson unit BAN (u); Severson description: AGT-(OG?) HET; rock type: augite troctolite; sulfide 5%,47.6989,-91.8362,1727,,,D6A,"D-6A drill core, Dunka Pit area, South Kawishiwi intrusion, Duluth Complex; collar 47.6989N, 91.8362W (DNRNUM 13933)",SSRM 2026,"2026 IRM Summer School of Rock Magnetism, Duluth Complex project",,,,,,,,,,
D6A-1699a,oriented specimen for remanence,0,-90,,,1699,,,D6A-1699,0.3 to 0.7 cm grain size with very little sulfides,D6A-1699,Severson unit BH (l); Severson description: AT/T-HOMOG; rock type: anorthositic troctolite; sulfide 1%,47.6989,-91.8362,1699,,,D6A,"D-6A drill core, Dunka Pit area, South Kawishiwi intrusion, Duluth Complex; collar 47.6989N, 91.8362W (DNRNUM 13933)",SSRM 2026,"2026 IRM Summer School of Rock Magnetism, Duluth Complex project",,,,,,,,,,
D6A-1699b,chip for rock magnetic experiments,,,,,1699,,,D6A-1699,0.3 to 0.7 cm grain size with very little sulfides,D6A-1699,Severson unit BH (l); Severson description: AT/T-HOMOG; rock type: anorthositic troctolite; sulfide 1%,47.6989,-91.8362,1699,,,D6A,"D-6A drill core, Dunka Pit area, South Kawishiwi intrusion, Duluth Complex; collar 47.6989N, 91.8362W (DNRNUM 13933)",SSRM 2026,"2026 IRM Summer School of Rock Magnetism, Duluth Complex project",,,,,,,,,,
D6A-1605a,oriented specimen for remanence,0,-90,,,1605,,,D6A-1605,0.2 to 0.5 cm grain size,D6A-1605,Severson unit U2; Severson description: AT-HOMOG; rock type: anorthositic troctolite; sulfide 0.5%,47.6989,-91.8362,1605,,,D6A,"D-6A drill core, Dunka Pit area, South Kawishiwi intrusion, Duluth Complex; collar 47.6989N, 91.8362W (DNRNUM 13933)",SSRM 2026,"2026 IRM Summer School of Rock Magnetism, Duluth Complex project",,,,,,,,,,
D6A-1605b,chip for rock magnetic experiments,,,,,1605,,,D6A-1605,0.2 to 0.5 cm grain size,D6A-1605,Severson unit U2; Severson description: AT-HOMOG; rock type: anorthositic troctolite; sulfide 0.5%,47.6989,-91.8362,1605,,,D6A,"D-6A drill core, Dunka Pit area, South Kawishiwi intrusion, Duluth Complex; collar 47.6989N, 91.8362W (DNRNUM 13933)",SSRM 2026,"2026 IRM Summer School of Rock Magnetism, Duluth Complex project",,,,,,,,,,
D6A-1592a,oriented specimen for remanence,0,-90,,,1592,,,D6A-1592,0.5 to 1 cm grain size and appears more like the aT unit than picrite,D6A-1592,Severson unit BH (u); Severson description: PIC-F.P.; rock type: anorthositic troctolite; sulfide 0%,47.6989,-91.8362,1592,,,D6A,"D-6A drill core, Dunka Pit area, South Kawishiwi intrusion, Duluth Complex; collar 47.6989N, 91.8362W (DNRNUM 13933)",SSRM 2026,"2026 IRM Summer School of Rock Magnetism, Duluth Complex project",,,,,,,,,,
D6A-1592b,chip for rock magnetic experiments,,,,,1592,,,D6A-1592,0.5 to 1 cm grain size and appears more like the aT unit than picrite,D6A-1592,Severson unit BH (u); Severson description: PIC-F.P.; rock type: anorthositic troctolite; sulfide 0%,47.6989,-91.8362,1592,,,D6A,"D-6A drill core, Dunka Pit area, South Kawishiwi intrusion, Duluth Complex; collar 47.6989N, 91.8362W (DNRNUM 13933)",SSRM 2026,"2026 IRM Summer School of Rock Magnetism, Duluth Complex project",,,,,,,,,,
D6A-1581a,oriented specimen for remanence,0,-90,,,1581,,,D6A-1581,1 to 1.4 mm grain size,D6A-1581,Severson unit BH (u); Severson description: AT; rock type: anorthositic troctolite; sulfide 0%,47.6989,-91.8362,1581,,,D6A,"D-6A drill core, Dunka Pit area, South Kawishiwi intrusion, Duluth Complex; collar 47.6989N, 91.8362W (DNRNUM 13933)",SSRM 2026,"2026 IRM Summer School of Rock Magnetism, Duluth Complex project",,,,,,,,,,
D6A-1581b,chip for rock magnetic experiments,,,,,1581,,,D6A-1581,1 to 1.4 mm grain size,D6A-1581,Severson unit BH (u); Severson description: AT; rock type: anorthositic troctolite; sulfide 0%,47.6989,-91.8362,1581,,,D6A,"D-6A drill core, Dunka Pit area, South Kawishiwi intrusion, Duluth Complex; collar 47.6989N, 91.8362W (DNRNUM 13933)",SSRM 2026,"2026 IRM Summer School of Rock Magnetism, Duluth Complex project",,,,,,,,,,
D6A-1566a,oriented specimen for remanence,0,-90,,,1566,,,D6A-1566,0.5 to 0.7 mm grain size,D6A-1566,Severson unit BH (u); Severson description: Pic-F.P. lens; rock type: picrite; sulfide 0%,47.6989,-91.8362,1566,,,D6A,"D-6A drill core, Dunka Pit area, South Kawishiwi intrusion, Duluth Complex; collar 47.6989N, 91.8362W (DNRNUM 13933)",SSRM 2026,"2026 IRM Summer School of Rock Magnetism, Duluth Complex project",,,,,,,,,,
D6A-1566b,chip for rock magnetic experiments,,,,,1566,,,D6A-1566,0.5 to 0.7 mm grain size,D6A-1566,Severson unit BH (u); Severson description: Pic-F.P. lens; rock type: picrite; sulfide 0%,47.6989,-91.8362,1566,,,D6A,"D-6A drill core, Dunka Pit area, South Kawishiwi intrusion, Duluth Complex; collar 47.6989N, 91.8362W (DNRNUM 13933)",SSRM 2026,"2026 IRM Summer School of Rock Magnetism, Duluth Complex project",,,,,,,,,,
D6A-1561a,oriented specimen for remanence,0,-90,,,1561,,,D6A-1561,0.2 to 0.5 cm grain size,D6A-1561,Severson unit BH (u); Severson description: AT; rock type: anorthositic troctolite; sulfide 1%,47.6989,-91.8362,1561,,,D6A,"D-6A drill core, Dunka Pit area, South Kawishiwi intrusion, Duluth Complex; collar 47.6989N, 91.8362W (DNRNUM 13933)",SSRM 2026,"2026 IRM Summer School of Rock Magnetism, Duluth Complex project",,,,,,,,,,
D6A-1561b,chip for rock magnetic experiments,,,,,1561,,,D6A-1561,0.2 to 0.5 cm grain size,D6A-1561,Severson unit BH (u); Severson description: AT; rock type: anorthositic troctolite; sulfide 1%,47.6989,-91.8362,1561,,,D6A,"D-6A drill core, Dunka Pit area, South Kawishiwi intrusion, Duluth Complex; collar 47.6989N, 91.8362W (DNRNUM 13933)",SSRM 2026,"2026 IRM Summer School of Rock Magnetism, Duluth Complex project",,,,,,,,,,
D6A-1551a,oriented specimen for remanence,0,-90,,,1551,,,D6A-1551,0.7 to 1 mm grain size,D6A-1551,Severson unit BH (u); Severson description: SERP F.P.; rock type: picrite; sulfide 1%,47.6989,-91.8362,1551,,,D6A,"D-6A drill core, Dunka Pit area, South Kawishiwi intrusion, Duluth Complex; collar 47.6989N, 91.8362W (DNRNUM 13933)",SSRM 2026,"2026 IRM Summer School of Rock Magnetism, Duluth Complex project",,,,,,,,,,
D6A-1551b,chip for rock magnetic experiments,,,,,1551,,,D6A-1551,0.7 to 1 mm grain size,D6A-1551,Severson unit BH (u); Severson description: SERP F.P.; rock type: picrite; sulfide 1%,47.6989,-91.8362,1551,,,D6A,"D-6A drill core, Dunka Pit area, South Kawishiwi intrusion, Duluth Complex; collar 47.6989N, 91.8362W (DNRNUM 13933)",SSRM 2026,"2026 IRM Summer School of Rock Magnetism, Duluth Complex project",,,,,,,,,,
D6A-1528a,oriented specimen for remanence,0,-90,,,1528,,,D6A-1528,0.3 to 0.5 cm grain size,D6A-1528,Severson unit BH (u); Severson description: AT-HOMOG; rock type: anorthositic troctolite; sulfide 0%,47.6989,-91.8362,1528,,,D6A,"D-6A drill core, Dunka Pit area, South Kawishiwi intrusion, Duluth Complex; collar 47.6989N, 91.8362W (DNRNUM 13933)",SSRM 2026,"2026 IRM Summer School of Rock Magnetism, Duluth Complex project",,,,,,,,,,
D6A-1528b,chip for rock magnetic experiments,,,,,1528,,,D6A-1528,0.3 to 0.5 cm grain size,D6A-1528,Severson unit BH (u); Severson description: AT-HOMOG; rock type: anorthositic troctolite; sulfide 0%,47.6989,-91.8362,1528,,,D6A,"D-6A drill core, Dunka Pit area, South Kawishiwi intrusion, Duluth Complex; collar 47.6989N, 91.8362W (DNRNUM 13933)",SSRM 2026,"2026 IRM Summer School of Rock Magnetism, Duluth Complex project",,,,,,,,,,
D6A-1509a,oriented specimen for remanence,0,-90,,,1509,,,D6A-1509,0.5 to 1 cm grain size,D6A-1509,Severson unit BH (u); Severson description: HET (PIC/ORT bnds) this in in ORT; rock type: anorthositic troctolite; sulfide 1%,47.6989,-91.8362,1509,,,D6A,"D-6A drill core, Dunka Pit area, South Kawishiwi intrusion, Duluth Complex; collar 47.6989N, 91.8362W (DNRNUM 13933)",SSRM 2026,"2026 IRM Summer School of Rock Magnetism, Duluth Complex project",,,,,,,,,,
D6A-1509b,chip for rock magnetic experiments,,,,,1509,,,D6A-1509,0.5 to 1 cm grain size,D6A-1509,Severson unit BH (u); Severson description: HET (PIC/ORT bnds) this in in ORT; rock type: anorthositic troctolite; sulfide 1%,47.6989,-91.8362,1509,,,D6A,"D-6A drill core, Dunka Pit area, South Kawishiwi intrusion, Duluth Complex; collar 47.6989N, 91.8362W (DNRNUM 13933)",SSRM 2026,"2026 IRM Summer School of Rock Magnetism, Duluth Complex project",,,,,,,,,,
D6A-1504a,oriented specimen for remanence,0,-90,,,1504,,,D6A-1504,0.2 cm grain size,D6A-1504,Severson unit BH (u); Severson description: PIC-(F.P.); rock type: picrite; sulfide 1%,47.6989,-91.8362,1504,,,D6A,"D-6A drill core, Dunka Pit area, South Kawishiwi intrusion, Duluth Complex; collar 47.6989N, 91.8362W (DNRNUM 13933)",SSRM 2026,"2026 IRM Summer School of Rock Magnetism, Duluth Complex project",,,,,,,,,,
D6A-1504b,chip for rock magnetic experiments,,,,,1504,,,D6A-1504,0.2 cm grain size,D6A-1504,Severson unit BH (u); Severson description: PIC-(F.P.); rock type: picrite; sulfide 1%,47.6989,-91.8362,1504,,,D6A,"D-6A drill core, Dunka Pit area, South Kawishiwi intrusion, Duluth Complex; collar 47.6989N, 91.8362W (DNRNUM 13933)",SSRM 2026,"2026 IRM Summer School of Rock Magnetism, Duluth Complex project",,,,,,,,,,
D6A-1500a,oriented specimen for remanence,0,-90,,,1500,,,D6A-1500,0.2 cm grain size,D6A-1500,Severson unit BH (u); Severson description: PIC-(F.P.); rock type: picrite; sulfide 2%,47.6989,-91.8362,1500,,,D6A,"D-6A drill core, Dunka Pit area, South Kawishiwi intrusion, Duluth Complex; collar 47.6989N, 91.8362W (DNRNUM 13933)",SSRM 2026,"2026 IRM Summer School of Rock Magnetism, Duluth Complex project",,,,,,,,,,
D6A-1500b,chip for rock magnetic experiments,,,,,1500,,,D6A-1500,0.2 cm grain size,D6A-1500,Severson unit BH (u); Severson description: PIC-(F.P.); rock type: picrite; sulfide 2%,47.6989,-91.8362,1500,,,D6A,"D-6A drill core, Dunka Pit area, South Kawishiwi intrusion, Duluth Complex; collar 47.6989N, 91.8362W (DNRNUM 13933)",SSRM 2026,"2026 IRM Summer School of Rock Magnetism, Duluth Complex project",,,,,,,,,,
D6A-1465a,oriented specimen for remanence,0,-90,,,1465.5,,,D6A-1465,0.5 cm grain size with almost ophitic texture and some larger sulfides,D6A-1465,Severson unit BH (u); Severson description: AT; rock type: anorthositic troctolite; sulfide 2%,47.6989,-91.8362,1465.5,,,D6A,"D-6A drill core, Dunka Pit area, South Kawishiwi intrusion, Duluth Complex; collar 47.6989N, 91.8362W (DNRNUM 13933)",SSRM 2026,"2026 IRM Summer School of Rock Magnetism, Duluth Complex project",,,,,,,,,,
D6A-1465b,chip for rock magnetic experiments,,,,,1465.5,,,D6A-1465,0.5 cm grain size with almost ophitic texture and some larger sulfides,D6A-1465,Severson unit BH (u); Severson description: AT; rock type: anorthositic troctolite; sulfide 2%,47.6989,-91.8362,1465.5,,,D6A,"D-6A drill core, Dunka Pit area, South Kawishiwi intrusion, Duluth Complex; collar 47.6989N, 91.8362W (DNRNUM 13933)",SSRM 2026,"2026 IRM Summer School of Rock Magnetism, Duluth Complex project",,,,,,,,,,
D6A-1464a,oriented specimen for remanence,0,-90,,,1464,,,D6A-1464,1 to 2 mm grain size,D6A-1464,Severson unit BH (u); Severson description: AT; rock type: anorthositic troctolite; sulfide 0%,47.6989,-91.8362,1464,,,D6A,"D-6A drill core, Dunka Pit area, South Kawishiwi intrusion, Duluth Complex; collar 47.6989N, 91.8362W (DNRNUM 13933)",SSRM 2026,"2026 IRM Summer School of Rock Magnetism, Duluth Complex project",,,,,,,,,,
D6A-1464b,chip for rock magnetic experiments,,,,,1464,,,D6A-1464,1 to 2 mm grain size,D6A-1464,Severson unit BH (u); Severson description: AT; rock type: anorthositic troctolite; sulfide 0%,47.6989,-91.8362,1464,,,D6A,"D-6A drill core, Dunka Pit area, South Kawishiwi intrusion, Duluth Complex; collar 47.6989N, 91.8362W (DNRNUM 13933)",SSRM 2026,"2026 IRM Summer School of Rock Magnetism, Duluth Complex project",,,,,,,,,,
D6A-1463a,oriented specimen for remanence,0,-90,,,1462.75,,,D6A-1463,1 mm grain size with abundant CL drops,D6A-1463,Severson unit U1; Severson description: PIC (at BH (u) contact; abund. Cl drops); rock type: picrite; sulfide 0%,47.6989,-91.8362,1462.75,,,D6A,"D-6A drill core, Dunka Pit area, South Kawishiwi intrusion, Duluth Complex; collar 47.6989N, 91.8362W (DNRNUM 13933)",SSRM 2026,"2026 IRM Summer School of Rock Magnetism, Duluth Complex project",,,,,,,,,,
D6A-1463b,chip for rock magnetic experiments,,,,,1462.75,,,D6A-1463,1 mm grain size with abundant CL drops,D6A-1463,Severson unit U1; Severson description: PIC (at BH (u) contact; abund. Cl drops); rock type: picrite; sulfide 0%,47.6989,-91.8362,1462.75,,,D6A,"D-6A drill core, Dunka Pit area, South Kawishiwi intrusion, Duluth Complex; collar 47.6989N, 91.8362W (DNRNUM 13933)",SSRM 2026,"2026 IRM Summer School of Rock Magnetism, Duluth Complex project",,,,,,,,,,
D6A-1461a,oriented specimen for remanence,0,-90,,,1461,,,D6A-1461,1 mm grain size with white talc splotches and trace sulfides,D6A-1461,Severson unit U1; Severson description: PIC (abund. Cl drops); rock type: picrite; sulfide 0%,47.6989,-91.8362,1461,,,D6A,"D-6A drill core, Dunka Pit area, South Kawishiwi intrusion, Duluth Complex; collar 47.6989N, 91.8362W (DNRNUM 13933)",SSRM 2026,"2026 IRM Summer School of Rock Magnetism, Duluth Complex project",,,,,,,,,,
D6A-1461b,chip for rock magnetic experiments,,,,,1461,,,D6A-1461,1 mm grain size with white talc splotches and trace sulfides,D6A-1461,Severson unit U1; Severson description: PIC (abund. Cl drops); rock type: picrite; sulfide 0%,47.6989,-91.8362,1461,,,D6A,"D-6A drill core, Dunka Pit area, South Kawishiwi intrusion, Duluth Complex; collar 47.6989N, 91.8362W (DNRNUM 13933)",SSRM 2026,"2026 IRM Summer School of Rock Magnetism, Duluth Complex project",,,,,,,,,,
D6A-1446a,oriented specimen for remanence,0,-90,,,1446,,,D6A-1446,0.3 cm grain size with 1 mm olivines,D6A-1446,Severson unit U1; Severson description: PIC (top 3 in grades to peridotite/dunite; abund. Cl drops); rock type: peridotite; sulfide 0%,47.6989,-91.8362,1446,,,D6A,"D-6A drill core, Dunka Pit area, South Kawishiwi intrusion, Duluth Complex; collar 47.6989N, 91.8362W (DNRNUM 13933)",SSRM 2026,"2026 IRM Summer School of Rock Magnetism, Duluth Complex project",,,,,,,,,,
D6A-1446b,chip for rock magnetic experiments,,,,,1446,,,D6A-1446,0.3 cm grain size with 1 mm olivines,D6A-1446,Severson unit U1; Severson description: PIC (top 3 in grades to peridotite/dunite; abund. Cl drops); rock type: peridotite; sulfide 0%,47.6989,-91.8362,1446,,,D6A,"D-6A drill core, Dunka Pit area, South Kawishiwi intrusion, Duluth Complex; collar 47.6989N, 91.8362W (DNRNUM 13933)",SSRM 2026,"2026 IRM Summer School of Rock Magnetism, Duluth Complex project",,,,,,,,,,
D6A-1342a,oriented specimen for remanence,0,-90,,,1342,,,D6A-1342,1.4 to 2 mm grain size with very small (1 mm) sulfides,D6A-1342,Severson unit U1; Severson description: PIC w/ T bnd (HET mix of PIC/ORT/T); rock type: picrite and troctolite mix; sulfide 1%,47.6989,-91.8362,1342,,,D6A,"D-6A drill core, Dunka Pit area, South Kawishiwi intrusion, Duluth Complex; collar 47.6989N, 91.8362W (DNRNUM 13933)",SSRM 2026,"2026 IRM Summer School of Rock Magnetism, Duluth Complex project",,,,,,,,,,
D6A-1342b,chip for rock magnetic experiments,,,,,1342,,,D6A-1342,1.4 to 2 mm grain size with very small (1 mm) sulfides,D6A-1342,Severson unit U1; Severson description: PIC w/ T bnd (HET mix of PIC/ORT/T); rock type: picrite and troctolite mix; sulfide 1%,47.6989,-91.8362,1342,,,D6A,"D-6A drill core, Dunka Pit area, South Kawishiwi intrusion, Duluth Complex; collar 47.6989N, 91.8362W (DNRNUM 13933)",SSRM 2026,"2026 IRM Summer School of Rock Magnetism, Duluth Complex project",,,,,,,,,,
D6A-1338a,oriented specimen for remanence,0,-90,,,1338,,,D6A-1338,0.3 to 0.5 cm grain size with small CL drops (0.2 cm),D6A-1338,Severson unit U1; Severson description: PIC w/ T bnd (HET mix of PIC/ORT/T); rock type: troctolite with some picrite; sulfide 1%,47.6989,-91.8362,1338,,,D6A,"D-6A drill core, Dunka Pit area, South Kawishiwi intrusion, Duluth Complex; collar 47.6989N, 91.8362W (DNRNUM 13933)",SSRM 2026,"2026 IRM Summer School of Rock Magnetism, Duluth Complex project",,,,,,,,,,
D6A-1338b,chip for rock magnetic experiments,,,,,1338,,,D6A-1338,0.3 to 0.5 cm grain size with small CL drops (0.2 cm),D6A-1338,Severson unit U1; Severson description: PIC w/ T bnd (HET mix of PIC/ORT/T); rock type: troctolite with some picrite; sulfide 1%,47.6989,-91.8362,1338,,,D6A,"D-6A drill core, Dunka Pit area, South Kawishiwi intrusion, Duluth Complex; collar 47.6989N, 91.8362W (DNRNUM 13933)",SSRM 2026,"2026 IRM Summer School of Rock Magnetism, Duluth Complex project",,,,,,,,,,
D6A-1322a,oriented specimen for remanence,0,-90,,,1322,,,D6A-1322,0.2 to 0.4 cm grain size with generally small sulfides but 1 up to 0.5 cm,D6A-1322,Severson unit U1; Severson description: PIC w/ T bnd + x-cutting ORT/PIC patches; rock type: troctolite with some picrite; sulfide 1%,47.6989,-91.8362,1322,,,D6A,"D-6A drill core, Dunka Pit area, South Kawishiwi intrusion, Duluth Complex; collar 47.6989N, 91.8362W (DNRNUM 13933)",SSRM 2026,"2026 IRM Summer School of Rock Magnetism, Duluth Complex project",,,,,,,,,,
D6A-1322b,chip for rock magnetic experiments,,,,,1322,,,D6A-1322,0.2 to 0.4 cm grain size with generally small sulfides but 1 up to 0.5 cm,D6A-1322,Severson unit U1; Severson description: PIC w/ T bnd + x-cutting ORT/PIC patches; rock type: troctolite with some picrite; sulfide 1%,47.6989,-91.8362,1322,,,D6A,"D-6A drill core, Dunka Pit area, South Kawishiwi intrusion, Duluth Complex; collar 47.6989N, 91.8362W (DNRNUM 13933)",SSRM 2026,"2026 IRM Summer School of Rock Magnetism, Duluth Complex project",,,,,,,,,,
D6A-1301a,oriented specimen for remanence,0,0,,,1301,,,D6A-1301,1 to 1.4 mm grain size with sepentinization throughout but mainly centered in small veins at the top of the core section,D6A-1301,Severson unit U1; Severson description: TROCT w/ ORT/PIC bnds/irregular patches; rock type: troctolite; sulfide 3%,47.6989,-91.8362,1301,,,D6A,"D-6A drill core, Dunka Pit area, South Kawishiwi intrusion, Duluth Complex; collar 47.6989N, 91.8362W (DNRNUM 13933)",SSRM 2026,"2026 IRM Summer School of Rock Magnetism, Duluth Complex project",,,,,,,,,,
D6A-1301b,chip for rock magnetic experiments,,,,,1301,,,D6A-1301,1 to 1.4 mm grain size with sepentinization throughout but mainly centered in small veins at the top of the core section,D6A-1301,Severson unit U1; Severson description: TROCT w/ ORT/PIC bnds/irregular patches; rock type: troctolite; sulfide 3%,47.6989,-91.8362,1301,,,D6A,"D-6A drill core, Dunka Pit area, South Kawishiwi intrusion, Duluth Complex; collar 47.6989N, 91.8362W (DNRNUM 13933)",SSRM 2026,"2026 IRM Summer School of Rock Magnetism, Duluth Complex project",,,,,,,,,,
D6A-1286a,oriented specimen for remanence,0,0,,,1286,,,D6A-1286,0.3 to 0.5 cm grain size on average with nice olivines and augite,D6A-1286,Severson unit MAIN AGT; Severson description: TROCT w ORT/PIC bnds/irregular patches; rock type: troctolite; sulfide 1%,47.6989,-91.8362,1286,,,D6A,"D-6A drill core, Dunka Pit area, South Kawishiwi intrusion, Duluth Complex; collar 47.6989N, 91.8362W (DNRNUM 13933)",SSRM 2026,"2026 IRM Summer School of Rock Magnetism, Duluth Complex project",,,,,,,,,,
D6A-1286b,chip for rock magnetic experiments,,,,,1286,,,D6A-1286,0.3 to 0.5 cm grain size on average with nice olivines and augite,D6A-1286,Severson unit MAIN AGT; Severson description: TROCT w ORT/PIC bnds/irregular patches; rock type: troctolite; sulfide 1%,47.6989,-91.8362,1286,,,D6A,"D-6A drill core, Dunka Pit area, South Kawishiwi intrusion, Duluth Complex; collar 47.6989N, 91.8362W (DNRNUM 13933)",SSRM 2026,"2026 IRM Summer School of Rock Magnetism, Duluth Complex project",,,,,,,,,,
D6A-1264a,oriented specimen for remanence,0,-90,,,1264,,,D6A-1264,0.3 to 1 cm grain size with ~65% hornblende (some up to 1 cm in size) and max. 1% oxides,D6A-1264,Severson unit MAIN AGT; Severson description: AGT HOMOG/HORNBLENDITE (OUIS) w granophyric sections; rock type: hornblendite; sulfide 1%,47.6989,-91.8362,1264,,,D6A,"D-6A drill core, Dunka Pit area, South Kawishiwi intrusion, Duluth Complex; collar 47.6989N, 91.8362W (DNRNUM 13933)",SSRM 2026,"2026 IRM Summer School of Rock Magnetism, Duluth Complex project",,,,,,,,,,
D6A-1264b,chip for rock magnetic experiments,,,,,1264,,,D6A-1264,0.3 to 1 cm grain size with ~65% hornblende (some up to 1 cm in size) and max. 1% oxides,D6A-1264,Severson unit MAIN AGT; Severson description: AGT HOMOG/HORNBLENDITE (OUIS) w granophyric sections; rock type: hornblendite; sulfide 1%,47.6989,-91.8362,1264,,,D6A,"D-6A drill core, Dunka Pit area, South Kawishiwi intrusion, Duluth Complex; collar 47.6989N, 91.8362W (DNRNUM 13933)",SSRM 2026,"2026 IRM Summer School of Rock Magnetism, Duluth Complex project",,,,,,,,,,
D6A-1249a,oriented specimen for remanence,0,-90,,,1249,,,D6A-1249,0.3 to 0.7 cm grain size that fines upward in the core section,D6A-1249,Severson unit MAIN AGT; Severson description: AGT HOMOG/HORNBLENDITE (OUIS) w granophyric sections; rock type: hornblendite; sulfide 1%,47.6989,-91.8362,1249,,,D6A,"D-6A drill core, Dunka Pit area, South Kawishiwi intrusion, Duluth Complex; collar 47.6989N, 91.8362W (DNRNUM 13933)",SSRM 2026,"2026 IRM Summer School of Rock Magnetism, Duluth Complex project",,,,,,,,,,
D6A-1249b,chip for rock magnetic experiments,,,,,1249,,,D6A-1249,0.3 to 0.7 cm grain size that fines upward in the core section,D6A-1249,Severson unit MAIN AGT; Severson description: AGT HOMOG/HORNBLENDITE (OUIS) w granophyric sections; rock type: hornblendite; sulfide 1%,47.6989,-91.8362,1249,,,D6A,"D-6A drill core, Dunka Pit area, South Kawishiwi intrusion, Duluth Complex; collar 47.6989N, 91.8362W (DNRNUM 13933)",SSRM 2026,"2026 IRM Summer School of Rock Magnetism, Duluth Complex project",,,,,,,,,,
D6A-1236a,oriented specimen for remanence,0,0,,,1236,,,D6A-1236,0.5 to 0.7 cm grain size with large area of serpentinization from a planar vein and a 1 cm talc crystal,D6A-1236,Severson unit MAIN AGT; Severson description: AGT HOMOG; rock type: augite troctolite; sulfide 0%,47.6989,-91.8362,1236,,,D6A,"D-6A drill core, Dunka Pit area, South Kawishiwi intrusion, Duluth Complex; collar 47.6989N, 91.8362W (DNRNUM 13933)",SSRM 2026,"2026 IRM Summer School of Rock Magnetism, Duluth Complex project",,,,,,,,,,
D6A-1236b,chip for rock magnetic experiments,,,,,1236,,,D6A-1236,0.5 to 0.7 cm grain size with large area of serpentinization from a planar vein and a 1 cm talc crystal,D6A-1236,Severson unit MAIN AGT; Severson description: AGT HOMOG; rock type: augite troctolite; sulfide 0%,47.6989,-91.8362,1236,,,D6A,"D-6A drill core, Dunka Pit area, South Kawishiwi intrusion, Duluth Complex; collar 47.6989N, 91.8362W (DNRNUM 13933)",SSRM 2026,"2026 IRM Summer School of Rock Magnetism, Duluth Complex project",,,,,,,,,,
D6A-1215a,oriented specimen for remanence,0,0,,,1215,,,D6A-1215,0.3 to 0.5 cm grain size with little to no serpetinization,D6A-1215,Severson unit MAIN AGT; Severson description: AGT HOMOG; rock type: augite troctolite; sulfide 0%,47.6989,-91.8362,1215,,,D6A,"D-6A drill core, Dunka Pit area, South Kawishiwi intrusion, Duluth Complex; collar 47.6989N, 91.8362W (DNRNUM 13933)",SSRM 2026,"2026 IRM Summer School of Rock Magnetism, Duluth Complex project",,,,,,,,,,
D6A-1215b,chip for rock magnetic experiments,,,,,1215,,,D6A-1215,0.3 to 0.5 cm grain size with little to no serpetinization,D6A-1215,Severson unit MAIN AGT; Severson description: AGT HOMOG; rock type: augite troctolite; sulfide 0%,47.6989,-91.8362,1215,,,D6A,"D-6A drill core, Dunka Pit area, South Kawishiwi intrusion, Duluth Complex; collar 47.6989N, 91.8362W (DNRNUM 13933)",SSRM 2026,"2026 IRM Summer School of Rock Magnetism, Duluth Complex project",,,,,,,,,,
D6A-1196a,oriented specimen for remanence,0,0,,,1196,,,D6A-1196,0.5 cm grain size on average with some plag crystals up to 1cm in length,D6A-1196,Severson unit MAIN AGT; Severson description: AGT HOMOG; rock type: augite troctolite; sulfide 0%,47.6989,-91.8362,1196,,,D6A,"D-6A drill core, Dunka Pit area, South Kawishiwi intrusion, Duluth Complex; collar 47.6989N, 91.8362W (DNRNUM 13933)",SSRM 2026,"2026 IRM Summer School of Rock Magnetism, Duluth Complex project",,,,,,,,,,
D6A-1196b,chip for rock magnetic experiments,,,,,1196,,,D6A-1196,0.5 cm grain size on average with some plag crystals up to 1cm in length,D6A-1196,Severson unit MAIN AGT; Severson description: AGT HOMOG; rock type: augite troctolite; sulfide 0%,47.6989,-91.8362,1196,,,D6A,"D-6A drill core, Dunka Pit area, South Kawishiwi intrusion, Duluth Complex; collar 47.6989N, 91.8362W (DNRNUM 13933)",SSRM 2026,"2026 IRM Summer School of Rock Magnetism, Duluth Complex project",,,,,,,,,,
D6A-1171a,oriented specimen for remanence,0,0,,,1171,,,D6A-1171,0.5 to 0.7 cm grain size with some poikiocrysts and a general subophitic texture,D6A-1171,Severson unit MAIN AGT; Severson description: AGT HOMOG; rock type: augite troctolite; sulfide 0%,47.6989,-91.8362,1171,,,D6A,"D-6A drill core, Dunka Pit area, South Kawishiwi intrusion, Duluth Complex; collar 47.6989N, 91.8362W (DNRNUM 13933)",SSRM 2026,"2026 IRM Summer School of Rock Magnetism, Duluth Complex project",,,,,,,,,,
D6A-1171b,chip for rock magnetic experiments,,,,,1171,,,D6A-1171,0.5 to 0.7 cm grain size with some poikiocrysts and a general subophitic texture,D6A-1171,Severson unit MAIN AGT; Severson description: AGT HOMOG; rock type: augite troctolite; sulfide 0%,47.6989,-91.8362,1171,,,D6A,"D-6A drill core, Dunka Pit area, South Kawishiwi intrusion, Duluth Complex; collar 47.6989N, 91.8362W (DNRNUM 13933)",SSRM 2026,"2026 IRM Summer School of Rock Magnetism, Duluth Complex project",,,,,,,,,,
D6A-1140a,oriented specimen for remanence,0,0,,,1140,,,D6A-1140,0.5 cm grain size on average with a subophitic texture and no obvious serpentinization,D6A-1140,Severson unit MAIN AGT; Severson description: AGT HOMOG; rock type: augite troctolite; sulfide 1%,47.6989,-91.8362,1140,,,D6A,"D-6A drill core, Dunka Pit area, South Kawishiwi intrusion, Duluth Complex; collar 47.6989N, 91.8362W (DNRNUM 13933)",SSRM 2026,"2026 IRM Summer School of Rock Magnetism, Duluth Complex project",,,,,,,,,,
D6A-1140b,chip for rock magnetic experiments,,,,,1140,,,D6A-1140,0.5 cm grain size on average with a subophitic texture and no obvious serpentinization,D6A-1140,Severson unit MAIN AGT; Severson description: AGT HOMOG; rock type: augite troctolite; sulfide 1%,47.6989,-91.8362,1140,,,D6A,"D-6A drill core, Dunka Pit area, South Kawishiwi intrusion, Duluth Complex; collar 47.6989N, 91.8362W (DNRNUM 13933)",SSRM 2026,"2026 IRM Summer School of Rock Magnetism, Duluth Complex project",,,,,,,,,,
D6A-1110a,oriented specimen for remanence,0,0,,,1110,,,D6A-1110,0.3 to 0.5 cm grain size with some poikiocrysts and no serpentinization,D6A-1110,Severson unit MAIN AGT; Severson description: AGT HOMOG; rock type: augite troctolite; sulfide 0%,47.6989,-91.8362,1110,,,D6A,"D-6A drill core, Dunka Pit area, South Kawishiwi intrusion, Duluth Complex; collar 47.6989N, 91.8362W (DNRNUM 13933)",SSRM 2026,"2026 IRM Summer School of Rock Magnetism, Duluth Complex project",,,,,,,,,,
D6A-1110b,chip for rock magnetic experiments,,,,,1110,,,D6A-1110,0.3 to 0.5 cm grain size with some poikiocrysts and no serpentinization,D6A-1110,Severson unit MAIN AGT; Severson description: AGT HOMOG; rock type: augite troctolite; sulfide 0%,47.6989,-91.8362,1110,,,D6A,"D-6A drill core, Dunka Pit area, South Kawishiwi intrusion, Duluth Complex; collar 47.6989N, 91.8362W (DNRNUM 13933)",SSRM 2026,"2026 IRM Summer School of Rock Magnetism, Duluth Complex project",,,,,,,,,,
D6A-1108a,oriented specimen for remanence,0,0,,,1108,,,D6A-1108,0.3  to 0.5 cm grain size with a serpentinite vein curtting through the center of the core section,D6A-1108,Severson unit MAIN AGT; Severson description: AGT HOMOG; rock type: augite troctolite; sulfide 1%,47.6989,-91.8362,1108,,,D6A,"D-6A drill core, Dunka Pit area, South Kawishiwi intrusion, Duluth Complex; collar 47.6989N, 91.8362W (DNRNUM 13933)",SSRM 2026,"2026 IRM Summer School of Rock Magnetism, Duluth Complex project",,,,,,,,,,
D6A-1108b,chip for rock magnetic experiments,,,,,1108,,,D6A-1108,0.3  to 0.5 cm grain size with a serpentinite vein curtting through the center of the core section,D6A-1108,Severson unit MAIN AGT; Severson description: AGT HOMOG; rock type: augite troctolite; sulfide 1%,47.6989,-91.8362,1108,,,D6A,"D-6A drill core, Dunka Pit area, South Kawishiwi intrusion, Duluth Complex; collar 47.6989N, 91.8362W (DNRNUM 13933)",SSRM 2026,"2026 IRM Summer School of Rock Magnetism, Duluth Complex project",,,,,,,,,,
D6A-1089a,oriented specimen for remanence,0,0,,,1089,,,D6A-1089,0.4 to 0.7 cm grain size with no serpentinization,D6A-1089,Severson unit MAIN AGT; Severson description: AGT HOMOG; rock type: augite troctolite; sulfide 0%,47.6989,-91.8362,1089,,,D6A,"D-6A drill core, Dunka Pit area, South Kawishiwi intrusion, Duluth Complex; collar 47.6989N, 91.8362W (DNRNUM 13933)",SSRM 2026,"2026 IRM Summer School of Rock Magnetism, Duluth Complex project",,,,,,,,,,
D6A-1089b,chip for rock magnetic experiments,,,,,1089,,,D6A-1089,0.4 to 0.7 cm grain size with no serpentinization,D6A-1089,Severson unit MAIN AGT; Severson description: AGT HOMOG; rock type: augite troctolite; sulfide 0%,47.6989,-91.8362,1089,,,D6A,"D-6A drill core, Dunka Pit area, South Kawishiwi intrusion, Duluth Complex; collar 47.6989N, 91.8362W (DNRNUM 13933)",SSRM 2026,"2026 IRM Summer School of Rock Magnetism, Duluth Complex project",,,,,,,,,,
D6A-1050a,oriented specimen for remanence,0,0,,,1050,,,D6A-1050,0.2 to 0.5 cm grain size,D6A-1050,Severson unit MAIN AGT; Severson description: AGT HOMOG; rock type: auite troctolite; sulfide 1%,47.6989,-91.8362,1050,,,D6A,"D-6A drill core, Dunka Pit area, South Kawishiwi intrusion, Duluth Complex; collar 47.6989N, 91.8362W (DNRNUM 13933)",SSRM 2026,"2026 IRM Summer School of Rock Magnetism, Duluth Complex project",,,,,,,,,,
D6A-1050b,chip for rock magnetic experiments,,,,,1050,,,D6A-1050,0.2 to 0.5 cm grain size,D6A-1050,Severson unit MAIN AGT; Severson description: AGT HOMOG; rock type: auite troctolite; sulfide 1%,47.6989,-91.8362,1050,,,D6A,"D-6A drill core, Dunka Pit area, South Kawishiwi intrusion, Duluth Complex; collar 47.6989N, 91.8362W (DNRNUM 13933)",SSRM 2026,"2026 IRM Summer School of Rock Magnetism, Duluth Complex project",,,,,,,,,,
D6A-1025a,oriented specimen for remanence,0,0,,,1025,,,D6A-1025,0.2 to 0.4 cm grain size with a large percentage of plag,D6A-1025,Severson unit MAIN AGT; Severson description: AN TROCT HOMOG w/ FLUXION; rock type: anorthositic troctolite; sulfide 0%,47.6989,-91.8362,1025,,,D6A,"D-6A drill core, Dunka Pit area, South Kawishiwi intrusion, Duluth Complex; collar 47.6989N, 91.8362W (DNRNUM 13933)",SSRM 2026,"2026 IRM Summer School of Rock Magnetism, Duluth Complex project",,,,,,,,,,
D6A-1025b,chip for rock magnetic experiments,,,,,1025,,,D6A-1025,0.2 to 0.4 cm grain size with a large percentage of plag,D6A-1025,Severson unit MAIN AGT; Severson description: AN TROCT HOMOG w/ FLUXION; rock type: anorthositic troctolite; sulfide 0%,47.6989,-91.8362,1025,,,D6A,"D-6A drill core, Dunka Pit area, South Kawishiwi intrusion, Duluth Complex; collar 47.6989N, 91.8362W (DNRNUM 13933)",SSRM 2026,"2026 IRM Summer School of Rock Magnetism, Duluth Complex project",,,,,,,,,,
D6A-1005a,oriented specimen for remanence,0,0,,,1005,,,D6A-1005,0.2 to 0.4 cm grain size,D6A-1005,Severson unit MAIN AGT; Severson description: AN TROCT HOMOG w/ FLUXION; rock type: anorthositic troctolite; sulfide 0%,47.6989,-91.8362,1005,,,D6A,"D-6A drill core, Dunka Pit area, South Kawishiwi intrusion, Duluth Complex; collar 47.6989N, 91.8362W (DNRNUM 13933)",SSRM 2026,"2026 IRM Summer School of Rock Magnetism, Duluth Complex project",,,,,,,,,,
D6A-1005b,chip for rock magnetic experiments,,,,,1005,,,D6A-1005,0.2 to 0.4 cm grain size,D6A-1005,Severson unit MAIN AGT; Severson description: AN TROCT HOMOG w/ FLUXION; rock type: anorthositic troctolite; sulfide 0%,47.6989,-91.8362,1005,,,D6A,"D-6A drill core, Dunka Pit area, South Kawishiwi intrusion, Duluth Complex; collar 47.6989N, 91.8362W (DNRNUM 13933)",SSRM 2026,"2026 IRM Summer School of Rock Magnetism, Duluth Complex project",,,,,,,,,,
D6A-962a,oriented specimen for remanence,,,,,962,,,D6A-962,0.5 cm grain size on average with a 1.5 cm wide seperentinization vein where the core chip was taken,D6A-962,Severson unit MAIN AGT; Severson description: AGT (AAT) HET; rock type: augite troctolite; sulfide 0%,47.6989,-91.8362,962,,,D6A,"D-6A drill core, Dunka Pit area, South Kawishiwi intrusion, Duluth Complex; collar 47.6989N, 91.8362W (DNRNUM 13933)",SSRM 2026,"2026 IRM Summer School of Rock Magnetism, Duluth Complex project",,,,,,,,,,
D6A-962b,chip for rock magnetic experiments,,,,,962,,,D6A-962,0.5 cm grain size on average with a 1.5 cm wide seperentinization vein where the core chip was taken,D6A-962,Severson unit MAIN AGT; Severson description: AGT (AAT) HET; rock type: augite troctolite; sulfide 0%,47.6989,-91.8362,962,,,D6A,"D-6A drill core, Dunka Pit area, South Kawishiwi intrusion, Duluth Complex; collar 47.6989N, 91.8362W (DNRNUM 13933)",SSRM 2026,"2026 IRM Summer School of Rock Magnetism, Duluth Complex project",,,,,,,,,,
D6A-953a,oriented specimen for remanence,0,0,,,953,,,D6A-953,0.2 to 0.5 cm grain size,D6A-953,Severson unit MAIN AGT; Severson description: AGT (AAT) HET; rock type: augite troctolite; sulfide 0%,47.6989,-91.8362,953,,,D6A,"D-6A drill core, Dunka Pit area, South Kawishiwi intrusion, Duluth Complex; collar 47.6989N, 91.8362W (DNRNUM 13933)",SSRM 2026,"2026 IRM Summer School of Rock Magnetism, Duluth Complex project",,,,,,,,,,
D6A-953b,chip for rock magnetic experiments,,,,,953,,,D6A-953,0.2 to 0.5 cm grain size,D6A-953,Severson unit MAIN AGT; Severson description: AGT (AAT) HET; rock type: augite troctolite; sulfide 0%,47.6989,-91.8362,953,,,D6A,"D-6A drill core, Dunka Pit area, South Kawishiwi intrusion, Duluth Complex; collar 47.6989N, 91.8362W (DNRNUM 13933)",SSRM 2026,"2026 IRM Summer School of Rock Magnetism, Duluth Complex project",,,,,,,,,,
D6A-902a,oriented specimen for remanence,0,0,,,902,,,D6A-902,0.3 to 0.5 cm grain size,D6A-902,Severson unit MAIN AGT; Severson description: AGT HET (T/ORT/AT/AAT); rock type: anorthositic troctolite; sulfide 0%,47.6989,-91.8362,902,,,D6A,"D-6A drill core, Dunka Pit area, South Kawishiwi intrusion, Duluth Complex; collar 47.6989N, 91.8362W (DNRNUM 13933)",SSRM 2026,"2026 IRM Summer School of Rock Magnetism, Duluth Complex project",,,,,,,,,,
D6A-902b,chip for rock magnetic experiments,,,,,902,,,D6A-902,0.3 to 0.5 cm grain size,D6A-902,Severson unit MAIN AGT; Severson description: AGT HET (T/ORT/AT/AAT); rock type: anorthositic troctolite; sulfide 0%,47.6989,-91.8362,902,,,D6A,"D-6A drill core, Dunka Pit area, South Kawishiwi intrusion, Duluth Complex; collar 47.6989N, 91.8362W (DNRNUM 13933)",SSRM 2026,"2026 IRM Summer School of Rock Magnetism, Duluth Complex project",,,,,,,,,,
D6A-852a,oriented specimen for remanence,0,0,,,852,,,D6A-852,0.4 to 0.5 cm grain size mostly made of plag but containing large augites that can be up to 1.5 to 2 cm long,D6A-852,Severson unit MAIN AGT; Severson description: AGT HET (T/ORT/AT/AAT); rock type: augite troctolite; sulfide 0%,47.6989,-91.8362,852,,,D6A,"D-6A drill core, Dunka Pit area, South Kawishiwi intrusion, Duluth Complex; collar 47.6989N, 91.8362W (DNRNUM 13933)",SSRM 2026,"2026 IRM Summer School of Rock Magnetism, Duluth Complex project",,,,,,,,,,
D6A-852b,chip for rock magnetic experiments,,,,,852,,,D6A-852,0.4 to 0.5 cm grain size mostly made of plag but containing large augites that can be up to 1.5 to 2 cm long,D6A-852,Severson unit MAIN AGT; Severson description: AGT HET (T/ORT/AT/AAT); rock type: augite troctolite; sulfide 0%,47.6989,-91.8362,852,,,D6A,"D-6A drill core, Dunka Pit area, South Kawishiwi intrusion, Duluth Complex; collar 47.6989N, 91.8362W (DNRNUM 13933)",SSRM 2026,"2026 IRM Summer School of Rock Magnetism, Duluth Complex project",,,,,,,,,,
D6A-800a,oriented specimen for remanence,0,0,,,800,,,D6A-800,0.3 to 0.5 cm grain size,D6A-800,Severson unit MAIN AGT; Severson description: AGT HET (T); rock type: anorthositic troctolite; sulfide 0%,47.6989,-91.8362,800,,,D6A,"D-6A drill core, Dunka Pit area, South Kawishiwi intrusion, Duluth Complex; collar 47.6989N, 91.8362W (DNRNUM 13933)",SSRM 2026,"2026 IRM Summer School of Rock Magnetism, Duluth Complex project",,,,,,,,,,
D6A-800b,chip for rock magnetic experiments,,,,,800,,,D6A-800,0.3 to 0.5 cm grain size,D6A-800,Severson unit MAIN AGT; Severson description: AGT HET (T); rock type: anorthositic troctolite; sulfide 0%,47.6989,-91.8362,800,,,D6A,"D-6A drill core, Dunka Pit area, South Kawishiwi intrusion, Duluth Complex; collar 47.6989N, 91.8362W (DNRNUM 13933)",SSRM 2026,"2026 IRM Summer School of Rock Magnetism, Duluth Complex project",,,,,,,,,,
D6A-775a,oriented specimen for remanence,0,0,,,775,,,D6A-775,0.3 to 0.5 cm grain size,D6A-775,Severson unit MAIN AGT; Severson description: AGT (AAT) HET; rock type: augite troctolite; sulfide 0%,47.6989,-91.8362,775,,,D6A,"D-6A drill core, Dunka Pit area, South Kawishiwi intrusion, Duluth Complex; collar 47.6989N, 91.8362W (DNRNUM 13933)",SSRM 2026,"2026 IRM Summer School of Rock Magnetism, Duluth Complex project",,,,,,,,,,
D6A-775b,chip for rock magnetic experiments,,,,,775,,,D6A-775,0.3 to 0.5 cm grain size,D6A-775,Severson unit MAIN AGT; Severson description: AGT (AAT) HET; rock type: augite troctolite; sulfide 0%,47.6989,-91.8362,775,,,D6A,"D-6A drill core, Dunka Pit area, South Kawishiwi intrusion, Duluth Complex; collar 47.6989N, 91.8362W (DNRNUM 13933)",SSRM 2026,"2026 IRM Summer School of Rock Magnetism, Duluth Complex project",,,,,,,,,,
D6A-754a,oriented specimen for remanence,0,0,,,754,,,D6A-754,0.3 to 0.5 grain size,D6A-754,Severson unit MAIN AGT; Severson description: AGT (AAT) HET; rock type: augite troctolite; sulfide 1%,47.6989,-91.8362,754,,,D6A,"D-6A drill core, Dunka Pit area, South Kawishiwi intrusion, Duluth Complex; collar 47.6989N, 91.8362W (DNRNUM 13933)",SSRM 2026,"2026 IRM Summer School of Rock Magnetism, Duluth Complex project",,,,,,,,,,
D6A-754b,chip for rock magnetic experiments,,,,,754,,,D6A-754,0.3 to 0.5 grain size,D6A-754,Severson unit MAIN AGT; Severson description: AGT (AAT) HET; rock type: augite troctolite; sulfide 1%,47.6989,-91.8362,754,,,D6A,"D-6A drill core, Dunka Pit area, South Kawishiwi intrusion, Duluth Complex; collar 47.6989N, 91.8362W (DNRNUM 13933)",SSRM 2026,"2026 IRM Summer School of Rock Magnetism, Duluth Complex project",,,,,,,,,,
D6A-713a,oriented specimen for remanence,0,0,,,713,,,D6A-713,0.2 to 0.4 cm grain size,D6A-713,Severson unit MAIN AGT; Severson description: AGT (AAT) HET; rock type: augite troctolite; sulfide 1%,47.6989,-91.8362,713,,,D6A,"D-6A drill core, Dunka Pit area, South Kawishiwi intrusion, Duluth Complex; collar 47.6989N, 91.8362W (DNRNUM 13933)",SSRM 2026,"2026 IRM Summer School of Rock Magnetism, Duluth Complex project",,,,,,,,,,
D6A-713b,chip for rock magnetic experiments,,,,,713,,,D6A-713,0.2 to 0.4 cm grain size,D6A-713,Severson unit MAIN AGT; Severson description: AGT (AAT) HET; rock type: augite troctolite; sulfide 1%,47.6989,-91.8362,713,,,D6A,"D-6A drill core, Dunka Pit area, South Kawishiwi intrusion, Duluth Complex; collar 47.6989N, 91.8362W (DNRNUM 13933)",SSRM 2026,"2026 IRM Summer School of Rock Magnetism, Duluth Complex project",,,,,,,,,,
D6A-653a,oriented specimen for remanence,0,0,,,653,,,D6A-653,0.2 to 0.4 cm grain size and may be part of a xenolith,D6A-653,Severson unit MAIN AGT; Severson description: Vuggy GRANO (very light!); rock type: vuggy red rock; sulfide 0%,47.6989,-91.8362,653,,,D6A,"D-6A drill core, Dunka Pit area, South Kawishiwi intrusion, Duluth Complex; collar 47.6989N, 91.8362W (DNRNUM 13933)",SSRM 2026,"2026 IRM Summer School of Rock Magnetism, Duluth Complex project",,,,,,,,,,
D6A-653b,chip for rock magnetic experiments,,,,,653,,,D6A-653,0.2 to 0.4 cm grain size and may be part of a xenolith,D6A-653,Severson unit MAIN AGT; Severson description: Vuggy GRANO (very light!); rock type: vuggy red rock; sulfide 0%,47.6989,-91.8362,653,,,D6A,"D-6A drill core, Dunka Pit area, South Kawishiwi intrusion, Duluth Complex; collar 47.6989N, 91.8362W (DNRNUM 13933)",SSRM 2026,"2026 IRM Summer School of Rock Magnetism, Duluth Complex project",,,,,,,,,,
D6A-633a,oriented specimen for remanence,0,0,,,633,,,D6A-633,0.2 to 0.5 cm grain size with a lot of plag (>70%) and trace sulfides,D6A-633,Severson unit MAIN AGT; Severson description: AAT HOMOG; rock type: anorthositic troctolite; sulfide 1%,47.6989,-91.8362,633,,,D6A,"D-6A drill core, Dunka Pit area, South Kawishiwi intrusion, Duluth Complex; collar 47.6989N, 91.8362W (DNRNUM 13933)",SSRM 2026,"2026 IRM Summer School of Rock Magnetism, Duluth Complex project",,,,,,,,,,
D6A-633b,chip for rock magnetic experiments,,,,,633,,,D6A-633,0.2 to 0.5 cm grain size with a lot of plag (>70%) and trace sulfides,D6A-633,Severson unit MAIN AGT; Severson description: AAT HOMOG; rock type: anorthositic troctolite; sulfide 1%,47.6989,-91.8362,633,,,D6A,"D-6A drill core, Dunka Pit area, South Kawishiwi intrusion, Duluth Complex; collar 47.6989N, 91.8362W (DNRNUM 13933)",SSRM 2026,"2026 IRM Summer School of Rock Magnetism, Duluth Complex project",,,,,,,,,,
D6A-594a,oriented specimen for remanence,0,0,,,594,,,D6A-594,0.2 to 0.4 cm grain size with a large amount of plag (>70%),D6A-594,Severson unit MAIN AGT; Severson description: AGT HOMOG (plag-rich); rock type: anorthositic trcotolite; sulfide 1%,47.6989,-91.8362,594,,,D6A,"D-6A drill core, Dunka Pit area, South Kawishiwi intrusion, Duluth Complex; collar 47.6989N, 91.8362W (DNRNUM 13933)",SSRM 2026,"2026 IRM Summer School of Rock Magnetism, Duluth Complex project",,,,,,,,,,
D6A-594b,chip for rock magnetic experiments,,,,,594,,,D6A-594,0.2 to 0.4 cm grain size with a large amount of plag (>70%),D6A-594,Severson unit MAIN AGT; Severson description: AGT HOMOG (plag-rich); rock type: anorthositic trcotolite; sulfide 1%,47.6989,-91.8362,594,,,D6A,"D-6A drill core, Dunka Pit area, South Kawishiwi intrusion, Duluth Complex; collar 47.6989N, 91.8362W (DNRNUM 13933)",SSRM 2026,"2026 IRM Summer School of Rock Magnetism, Duluth Complex project",,,,,,,,,,
D6A-555a,oriented specimen for remanence,0,0,,,555,,,D6A-555,0.1 to 0.4 cm grain size with trace sulfides and a large amount of plag (>70%),D6A-555,Severson unit MAIN AGT; Severson description: AGT HOMOG (plag-rich); rock type: anorthositic troctolite; sulfide 1%,47.6989,-91.8362,555,,,D6A,"D-6A drill core, Dunka Pit area, South Kawishiwi intrusion, Duluth Complex; collar 47.6989N, 91.8362W (DNRNUM 13933)",SSRM 2026,"2026 IRM Summer School of Rock Magnetism, Duluth Complex project",,,,,,,,,,
D6A-555b,chip for rock magnetic experiments,,,,,555,,,D6A-555,0.1 to 0.4 cm grain size with trace sulfides and a large amount of plag (>70%),D6A-555,Severson unit MAIN AGT; Severson description: AGT HOMOG (plag-rich); rock type: anorthositic troctolite; sulfide 1%,47.6989,-91.8362,555,,,D6A,"D-6A drill core, Dunka Pit area, South Kawishiwi intrusion, Duluth Complex; collar 47.6989N, 91.8362W (DNRNUM 13933)",SSRM 2026,"2026 IRM Summer School of Rock Magnetism, Duluth Complex project",,,,,,,,,,
D6A-515a,oriented specimen for remanence,0,0,,,515,,,D6A-515,0.2 to 0.4 cm grain size,D6A-515,Severson unit MAIN AGT; Severson description: AGT HOMOG; rock type: augite troctolite; sulfide 0%,47.6989,-91.8362,515,,,D6A,"D-6A drill core, Dunka Pit area, South Kawishiwi intrusion, Duluth Complex; collar 47.6989N, 91.8362W (DNRNUM 13933)",SSRM 2026,"2026 IRM Summer School of Rock Magnetism, Duluth Complex project",,,,,,,,,,
D6A-515b,chip for rock magnetic experiments,,,,,515,,,D6A-515,0.2 to 0.4 cm grain size,D6A-515,Severson unit MAIN AGT; Severson description: AGT HOMOG; rock type: augite troctolite; sulfide 0%,47.6989,-91.8362,515,,,D6A,"D-6A drill core, Dunka Pit area, South Kawishiwi intrusion, Duluth Complex; collar 47.6989N, 91.8362W (DNRNUM 13933)",SSRM 2026,"2026 IRM Summer School of Rock Magnetism, Duluth Complex project",,,,,,,,,,
D6A-478a,oriented specimen for remanence,0,0,,,478,,,D6A-478,0.2 to 0.4 cm grain size with bands of augite-poor zones,D6A-478,Severson unit MAIN AGT; Severson description: AGT HOMOG; rock type: augite troctolite; sulfide 0%,47.6989,-91.8362,478,,,D6A,"D-6A drill core, Dunka Pit area, South Kawishiwi intrusion, Duluth Complex; collar 47.6989N, 91.8362W (DNRNUM 13933)",SSRM 2026,"2026 IRM Summer School of Rock Magnetism, Duluth Complex project",,,,,,,,,,
D6A-478b,chip for rock magnetic experiments,,,,,478,,,D6A-478,0.2 to 0.4 cm grain size with bands of augite-poor zones,D6A-478,Severson unit MAIN AGT; Severson description: AGT HOMOG; rock type: augite troctolite; sulfide 0%,47.6989,-91.8362,478,,,D6A,"D-6A drill core, Dunka Pit area, South Kawishiwi intrusion, Duluth Complex; collar 47.6989N, 91.8362W (DNRNUM 13933)",SSRM 2026,"2026 IRM Summer School of Rock Magnetism, Duluth Complex project",,,,,,,,,,
D6A-459a,oriented specimen for remanence,0,0,,,459,,,D6A-459,0.3 to 0.5 gm grain size,D6A-459,Severson unit MAIN AGT; Severson description: AGT HOMOG; rock type: augite troctolite; sulfide 1%,47.6989,-91.8362,459,,,D6A,"D-6A drill core, Dunka Pit area, South Kawishiwi intrusion, Duluth Complex; collar 47.6989N, 91.8362W (DNRNUM 13933)",SSRM 2026,"2026 IRM Summer School of Rock Magnetism, Duluth Complex project",,,,,,,,,,
D6A-459b,chip for rock magnetic experiments,,,,,459,,,D6A-459,0.3 to 0.5 gm grain size,D6A-459,Severson unit MAIN AGT; Severson description: AGT HOMOG; rock type: augite troctolite; sulfide 1%,47.6989,-91.8362,459,,,D6A,"D-6A drill core, Dunka Pit area, South Kawishiwi intrusion, Duluth Complex; collar 47.6989N, 91.8362W (DNRNUM 13933)",SSRM 2026,"2026 IRM Summer School of Rock Magnetism, Duluth Complex project",,,,,,,,,,
D6A-420a,oriented specimen for remanence,0,0,,,420,,,D6A-420,0.3 to 0.8 cm grain size with hematite replacing olivines (showing a red-stained color of iddingsite) and a small serpentinized vein (0.3 cm in width),D6A-420,Severson unit MAIN AGT; Severson description: AGT HOMOG (Hem-stained); rock type: augite troctolite; sulfide 0%,47.6989,-91.8362,420,,,D6A,"D-6A drill core, Dunka Pit area, South Kawishiwi intrusion, Duluth Complex; collar 47.6989N, 91.8362W (DNRNUM 13933)",SSRM 2026,"2026 IRM Summer School of Rock Magnetism, Duluth Complex project",,,,,,,,,,
D6A-420b,chip for rock magnetic experiments,,,,,420,,,D6A-420,0.3 to 0.8 cm grain size with hematite replacing olivines (showing a red-stained color of iddingsite) and a small serpentinized vein (0.3 cm in width),D6A-420,Severson unit MAIN AGT; Severson description: AGT HOMOG (Hem-stained); rock type: augite troctolite; sulfide 0%,47.6989,-91.8362,420,,,D6A,"D-6A drill core, Dunka Pit area, South Kawishiwi intrusion, Duluth Complex; collar 47.6989N, 91.8362W (DNRNUM 13933)",SSRM 2026,"2026 IRM Summer School of Rock Magnetism, Duluth Complex project",,,,,,,,,,
D6A-441a,oriented specimen for remanence,0,0,,,441,,,D6A-441,1.4 mm grain size and deep reddish color,D6A-441,Severson unit MAIN AGT; Severson description: AGT HOMOG/GRANOPHYRE; rock type: granophyre; sulfide 0%,47.6989,-91.8362,441,,,D6A,"D-6A drill core, Dunka Pit area, South Kawishiwi intrusion, Duluth Complex; collar 47.6989N, 91.8362W (DNRNUM 13933)",SSRM 2026,"2026 IRM Summer School of Rock Magnetism, Duluth Complex project",,,,,,,,,,
D6A-441b,chip for rock magnetic experiments,,,,,441,,,D6A-441,1.4 mm grain size and deep reddish color,D6A-441,Severson unit MAIN AGT; Severson description: AGT HOMOG/GRANOPHYRE; rock type: granophyre; sulfide 0%,47.6989,-91.8362,441,,,D6A,"D-6A drill core, Dunka Pit area, South Kawishiwi intrusion, Duluth Complex; collar 47.6989N, 91.8362W (DNRNUM 13933)",SSRM 2026,"2026 IRM Summer School of Rock Magnetism, Duluth Complex project",,,,,,,,,,
D6A-397a,oriented specimen for remanence,0,0,,,397,,,D6A-397,0.7 to 1 cm grain size and a lighter red color,D6A-397,Severson unit MAIN AGT; Severson description: AGT HOMOG/GRANOPHYRE; rock type: granophyre; sulfide 0%,47.6989,-91.8362,397,,,D6A,"D-6A drill core, Dunka Pit area, South Kawishiwi intrusion, Duluth Complex; collar 47.6989N, 91.8362W (DNRNUM 13933)",SSRM 2026,"2026 IRM Summer School of Rock Magnetism, Duluth Complex project",,,,,,,,,,
D6A-397b,chip for rock magnetic experiments,,,,,397,,,D6A-397,0.7 to 1 cm grain size and a lighter red color,D6A-397,Severson unit MAIN AGT; Severson description: AGT HOMOG/GRANOPHYRE; rock type: granophyre; sulfide 0%,47.6989,-91.8362,397,,,D6A,"D-6A drill core, Dunka Pit area, South Kawishiwi intrusion, Duluth Complex; collar 47.6989N, 91.8362W (DNRNUM 13933)",SSRM 2026,"2026 IRM Summer School of Rock Magnetism, Duluth Complex project",,,,,,,,,,
D6A-323a,oriented specimen for remanence,0,0,,,323,,,D6A-323,0.3 to 0.6 cm grain size with pretty plag rich comp,D6A-323,Severson unit MAIN AGT; Severson description: AGT HOMOG; rock type: anorthositic troctolite; sulfide 1%,47.6989,-91.8362,323,,,D6A,"D-6A drill core, Dunka Pit area, South Kawishiwi intrusion, Duluth Complex; collar 47.6989N, 91.8362W (DNRNUM 13933)",SSRM 2026,"2026 IRM Summer School of Rock Magnetism, Duluth Complex project",,,,,,,,,,
D6A-323b,chip for rock magnetic experiments,,,,,323,,,D6A-323,0.3 to 0.6 cm grain size with pretty plag rich comp,D6A-323,Severson unit MAIN AGT; Severson description: AGT HOMOG; rock type: anorthositic troctolite; sulfide 1%,47.6989,-91.8362,323,,,D6A,"D-6A drill core, Dunka Pit area, South Kawishiwi intrusion, Duluth Complex; collar 47.6989N, 91.8362W (DNRNUM 13933)",SSRM 2026,"2026 IRM Summer School of Rock Magnetism, Duluth Complex project",,,,,,,,,,
D6A-285a,oriented specimen for remanence,0,0,,,285,,,D6A-285,0.2 t 0.7 cm grain sie with an ophitic texture and larger augites up to 2 cm,D6A-285,Severson unit MAIN AGT; Severson description: AGT HOMOG; rock type: augite troctolite; sulfide 1%,47.6989,-91.8362,285,,,D6A,"D-6A drill core, Dunka Pit area, South Kawishiwi intrusion, Duluth Complex; collar 47.6989N, 91.8362W (DNRNUM 13933)",SSRM 2026,"2026 IRM Summer School of Rock Magnetism, Duluth Complex project",,,,,,,,,,
D6A-285b,chip for rock magnetic experiments,,,,,285,,,D6A-285,0.2 t 0.7 cm grain sie with an ophitic texture and larger augites up to 2 cm,D6A-285,Severson unit MAIN AGT; Severson description: AGT HOMOG; rock type: augite troctolite; sulfide 1%,47.6989,-91.8362,285,,,D6A,"D-6A drill core, Dunka Pit area, South Kawishiwi intrusion, Duluth Complex; collar 47.6989N, 91.8362W (DNRNUM 13933)",SSRM 2026,"2026 IRM Summer School of Rock Magnetism, Duluth Complex project",,,,,,,,,,
D6A-238a,oriented specimen for remanence,0,0,,,238,,,D6A-238,0.3 to 0.5 grain size,D6A-238,Severson unit MAIN AGT; Severson description: AAT (AOG) HOMOG; rock type: anorthositic troctolite; sulfide 1%,47.6989,-91.8362,238,,,D6A,"D-6A drill core, Dunka Pit area, South Kawishiwi intrusion, Duluth Complex; collar 47.6989N, 91.8362W (DNRNUM 13933)",SSRM 2026,"2026 IRM Summer School of Rock Magnetism, Duluth Complex project",,,,,,,,,,
D6A-238b,chip for rock magnetic experiments,,,,,238,,,D6A-238,0.3 to 0.5 grain size,D6A-238,Severson unit MAIN AGT; Severson description: AAT (AOG) HOMOG; rock type: anorthositic troctolite; sulfide 1%,47.6989,-91.8362,238,,,D6A,"D-6A drill core, Dunka Pit area, South Kawishiwi intrusion, Duluth Complex; collar 47.6989N, 91.8362W (DNRNUM 13933)",SSRM 2026,"2026 IRM Summer School of Rock Magnetism, Duluth Complex project",,,,,,,,,,
D6A-202a,oriented specimen for remanence,0,0,,,202,,,D6A-202,2 to 4 cm grain size with some grains up to 6 cm and large oxides found,D6A-202,Severson unit MAIN AGT; Severson description: AGT HETEROGEN/PEGMATITE; rock type: pegmatite; sulfide 0%,47.6989,-91.8362,202,,,D6A,"D-6A drill core, Dunka Pit area, South Kawishiwi intrusion, Duluth Complex; collar 47.6989N, 91.8362W (DNRNUM 13933)",SSRM 2026,"2026 IRM Summer School of Rock Magnetism, Duluth Complex project",,,,,,,,,,
D6A-202b,chip for rock magnetic experiments,,,,,202,,,D6A-202,2 to 4 cm grain size with some grains up to 6 cm and large oxides found,D6A-202,Severson unit MAIN AGT; Severson description: AGT HETEROGEN/PEGMATITE; rock type: pegmatite; sulfide 0%,47.6989,-91.8362,202,,,D6A,"D-6A drill core, Dunka Pit area, South Kawishiwi intrusion, Duluth Complex; collar 47.6989N, 91.8362W (DNRNUM 13933)",SSRM 2026,"2026 IRM Summer School of Rock Magnetism, Duluth Complex project",,,,,,,,,,
D6A-163a,oriented specimen for remanence,0,0,,,163,,,D6A-163,0.3 to 0.5 cm grain size,D6A-163,Severson unit MAIN AGT; Severson description: AGT HETEROGEN; rock type: augite troctolite; sulfide 1%,47.6989,-91.8362,163,,,D6A,"D-6A drill core, Dunka Pit area, South Kawishiwi intrusion, Duluth Complex; collar 47.6989N, 91.8362W (DNRNUM 13933)",SSRM 2026,"2026 IRM Summer School of Rock Magnetism, Duluth Complex project",,,,,,,,,,
D6A-163b,chip for rock magnetic experiments,,,,,163,,,D6A-163,0.3 to 0.5 cm grain size,D6A-163,Severson unit MAIN AGT; Severson description: AGT HETEROGEN; rock type: augite troctolite; sulfide 1%,47.6989,-91.8362,163,,,D6A,"D-6A drill core, Dunka Pit area, South Kawishiwi intrusion, Duluth Complex; collar 47.6989N, 91.8362W (DNRNUM 13933)",SSRM 2026,"2026 IRM Summer School of Rock Magnetism, Duluth Complex project",,,,,,,,,,
